state_fips,county_fips,county,temp_k_jul,soil_water_jul
19,149,Plymouth,298.5879721415041,0.11826904928954539
19,193,Woodbury,298.4860847053704,0.1890041718620065
19,027,Carroll,297.388217326579,0.24218972129066815
19,061,Dubuque,296.5873661265106,0.2960647261845587
19,101,Jefferson,298.8863441604467,0.19539928375958343
19,187,Webster,297.3131987692622,0.23121683740293533
19,111,Lee,298.687342200368,0.22132200027252544
19,127,Marshall,297.23179159602694,0.2611526396164276
19,195,Worth,296.57535898959844,0.22981771319726602
19,033,Cerro Gordo,296.6942891217956,0.24155678880777542
19,051,Davis,298.99304666215414,0.20616853419913939
19,179,Wapello,299.03573045239875,0.1979596734049915
19,041,Clay,297.45797428078214,0.19773010393824328
19,059,Dickinson,297.21359255726054,0.22399828309425815
19,021,Buena Vista,297.5392470360175,0.19299704164536116
19,013,Black Hawk,296.79802229123385,0.24891353540917485
19,075,Grundy,296.78818529447864,0.25432825310567736
19,017,Bremer,296.40644974169146,0.2671306572140117
19,085,Harrison,298.0366832514867,0.2408339888772227
19,129,Mills,298.4277745587589,0.2628317475023146
19,155,Pottawattamie,297.9148157813401,0.2666923270107685
19,123,Mahaska,298.7368419595551,0.19750645648721507
19,125,Marion,298.73145051951576,0.20750093968909586
19,053,Decatur,298.77159143170246,0.2243110160474214
19,031,Cedar,297.1644418328749,0.25128936221126497
19,151,Pocahontas,297.431802917215,0.21536640845772
19,109,Kossuth,297.28506789184604,0.21466033837052265
19,089,Howard,295.8519095126424,0.26063171627087833
19,147,Palo Alto,297.39748975969064,0.21841896563757338
19,159,Ringgold,298.71988672962897,0.23742061259309685
19,025,Calhoun,297.54036052747887,0.2194241271823433
19,039,Clarke,298.6720268329792,0.21481693549903244
19,065,Fayette,296.1032443265583,0.2985805400289443
19,001,Adair,297.7451761496126,0.2634392809823845
19,037,Chickasaw,296.1205461642033,0.26896258146039176
19,081,Hancock,296.9614688867129,0.22743330126378805
19,157,Poweshiek,297.7973570290257,0.22476575274977253
19,165,Shelby,297.3675715168127,0.2703262473928613
19,185,Wayne,298.8969816681058,0.213286405482232
19,097,Jackson,296.8160753336909,0.26711418098439044
19,043,Clayton,296.28395985504466,0.32168458799658517
19,007,Appanoose,299.05317759919956,0.21133087025268174
19,177,Van Buren,298.8980313147171,0.207836320917921
19,197,Wright,296.92744645703834,0.22838083274562535
19,137,Montgomery,298.249407328233,0.26167056643122555
19,175,Union,298.3957111497944,0.2382563717333533
19,107,Keokuk,298.5931838587311,0.20010058407757628
19,131,Mitchell,296.2519384912736,0.23731418687089592
19,191,Winneshiek,295.87025418286544,0.30200282198364076
19,161,Sac,297.61008756282513,0.18491623363559268
19,055,Delaware,296.48931173171866,0.2716863171270789
19,067,Floyd,296.52230518487744,0.24556651575727864
19,009,Audubon,297.23751957967056,0.2753504718400065
19,079,Hamilton,297.05123271787704,0.2428459939372237
19,069,Franklin,296.6787627322109,0.24706387662710635
19,141,O'Brien,297.53095520639084,0.11778476976673602
19,167,Sioux,298.17062326480607,0.1185644728865185
19,005,Allamakee,296.07504598145465,0.32903273282918927
19,189,Winnebago,297.0051609003396,0.21685955189956244
19,093,Ida,297.6810046849966,0.15366573696797384
19,029,Cass,297.68064118642246,0.2700566234335052
19,083,Hardin,296.8491130003448,0.2539586914350403
19,173,Taylor,298.63370607805257,0.25148868702136745
19,145,Page,298.7135603811052,0.2562362746782909
19,035,Cherokee,297.79275684326007,0.11884142883522666
19,071,Fremont,298.9162900801072,0.2505248062390729
19,095,Iowa,297.78904893339364,0.22689083020797315
19,023,Butler,296.6693791441744,0.2530461634945976
19,063,Emmet,297.2813368555654,0.2206997560923137
19,047,Crawford,297.4644453948345,0.24421111268822326
19,019,Buchanan,296.59074646652607,0.2597096960622992
19,143,Osceola,297.2647040028794,0.17001902829750723
19,073,Greene,297.47536580473025,0.2561172162642588
19,087,Henry,298.7795397011829,0.19871968384550998
19,119,Lyon,297.83758184409163,0.18548342720201313
19,003,Adams,298.2593819614525,0.2554261240610909
19,133,Monona,298.23343436393134,0.21681552049079958
19,091,Humboldt,297.2475138610033,0.2198493266521741
19,115,Louisa,298.4541081406007,0.20510154825761961
19,171,Tama,297.1626582648124,0.24714394987723115
19,135,Monroe,299.07657931504514,0.2011982010180528
19,117,Lucas,298.95297236853304,0.20446109792246372
19,057,Des Moines,298.4876372462589,0.20269013991985635
19,011,Benton,297.1526207074404,0.2420124709565091
19,113,Linn,297.07759946255345,0.24716609672398754
19,105,Jones,296.8327198003554,0.2536278419925356
19,103,Johnson,297.69913050938675,0.24233211304542507
19,183,Washington,298.48991263829043,0.20124750977348965
19,045,Clinton,296.98048747474775,0.24512873871702864
19,163,Scott,297.3140454423811,0.23879817937495376
19,139,Muscatine,297.9569805748724,0.2267931723024692
19,169,Story,297.3034793942591,0.26899096109146853
19,015,Boone,297.33344239374617,0.27493416932572934
19,121,Madison,298.27409863865273,0.23188533310240017
19,181,Warren,298.59557356846466,0.21553588358106313
19,049,Dallas,297.81292675181334,0.26727775939691045
19,153,Polk,297.98829346803615,0.2554984521968011
19,077,Guthrie,297.48868902286216,0.2779910507472352
19,099,Jasper,297.8902105128313,0.23750005806742328
