state_fips,county_fips,county,year,yield_bu_ac,ndvi_mean_jul,temp_k_jul,soil_water_jul
19,001,ADAIR,2022,164.2,0.8170934779202611,297.7451761496126,0.2634392809823845
19,005,ALLAMAKEE,2022,215.9,0.8485143198958159,296.07504598145465,0.3290327328291892
19,007,APPANOOSE,2022,146.1,0.8801913404287683,299.0531775991996,0.2113308702526817
19,009,AUDUBON,2022,197.9,0.8689261730606734,297.23751957967056,0.2753504718400065
19,011,BENTON,2022,221.7,0.8526000893405425,297.1526207074404,0.2420124709565091
19,013,BLACK HAWK,2022,202.4,0.814457812299532,296.79802229123385,0.2489135354091748
19,015,BOONE,2022,202.4,0.8618917707588677,297.33344239374617,0.2749341693257293
19,019,BUCHANAN,2022,209.7,0.8506057957604616,296.59074646652607,0.2597096960622992
19,021,BUENA VISTA,2022,196.9,0.8200980543010443,297.5392470360175,0.1929970416453611
19,023,BUTLER,2022,212.4,0.8784274235486234,296.6693791441744,0.2530461634945976
19,025,CALHOUN,2022,202.3,0.8435280139150328,297.54036052747887,0.2194241271823433
19,027,CARROLL,2022,195.7,0.8739016216967196,297.388217326579,0.2421897212906681
19,029,CASS,2022,179.2,0.8520764524091777,297.68064118642246,0.2700566234335052
19,031,CEDAR,2022,221.4,0.903038245779298,297.1644418328749,0.2512893622112649
19,033,CERRO GORDO,2022,216.9,0.888669192668235,296.6942891217956,0.2415567888077754
19,035,CHEROKEE,2022,198.7,0.8617341561383636,297.79275684326007,0.1188414288352266
19,041,CLAY,2022,191.4,0.8830370427887506,297.45797428078214,0.1977301039382432
19,043,CLAYTON,2022,215.4,0.8321466525164511,296.28395985504466,0.3216845879965851
19,045,CLINTON,2022,225.2,0.8909589801349422,296.98048747474775,0.2451287387170286
19,047,CRAWFORD,2022,216.4,0.8653859268047263,297.4644453948345,0.2442111126882232
19,049,DALLAS,2022,187.2,0.8623661915082201,297.81292675181334,0.2672777593969104
19,051,DAVIS,2022,154.9,0.8754949187146998,298.99304666215414,0.2061685341991393
19,053,DECATUR,2022,148.7,0.8512520702111737,298.77159143170246,0.2243110160474214
19,055,DELAWARE,2022,230.8,0.8717212098414601,296.48931173171866,0.2716863171270789
19,057,DES MOINES,2022,194.8,0.8956227356796006,298.4876372462589,0.2026901399198563
19,059,DICKINSON,2022,203.4,0.8921426291824086,297.21359255726054,0.2239982830942581
19,061,DUBUQUE,2022,223.7,0.8704104104835678,296.5873661265106,0.2960647261845587
19,063,EMMET,2022,213.6,0.9003819281936941,297.2813368555654,0.2206997560923137
19,065,FAYETTE,2022,209.8,0.795145978729173,296.1032443265583,0.2985805400289443
19,067,FLOYD,2022,204.6,0.8841616821047977,296.52230518487744,0.2455665157572786
19,069,FRANKLIN,2022,220.1,0.8814600720144354,296.6787627322109,0.2470638766271063
19,071,FREMONT,2022,191.6,0.8744900295507552,298.9162900801072,0.2505248062390729
19,073,GREENE,2022,197.3,0.8699428612817648,297.47536580473025,0.2561172162642588
19,075,GRUNDY,2022,207.5,0.8593213738468263,296.78818529447864,0.2543282531056773
19,077,GUTHRIE,2022,193.6,0.8585840649983436,297.48868902286216,0.2779910507472352
19,079,HAMILTON,2022,208.6,0.8693521517292487,297.05123271787704,0.2428459939372237
19,081,HANCOCK,2022,211.5,0.8796901210550192,296.9614688867129,0.227433301263788
19,083,HARDIN,2022,215.6,0.8703912809135952,296.8491130003448,0.2539586914350403
19,085,HARRISON,2022,172.4,0.8742953207673315,298.0366832514867,0.2408339888772227
19,087,HENRY,2022,167.7,0.8746661409521512,298.7795397011829,0.1987196838455099
19,089,HOWARD,2022,217.2,0.8702651521150375,295.8519095126424,0.2606317162708783
19,091,HUMBOLDT,2022,195.5,0.8418184952469643,297.2475138610033,0.2198493266521741
19,093,IDA,2022,221.2,0.8710938599571187,297.6810046849966,0.1536657369679738
19,095,IOWA,2022,205.9,0.8834022546027023,297.78904893339364,0.2268908302079731
19,097,JACKSON,2022,219.2,0.8538802024883624,296.8160753336909,0.2671141809843904
19,099,JASPER,2022,203.6,0.8775996515590815,297.8902105128313,0.2375000580674232
19,101,JEFFERSON,2022,178.0,0.8781761386691538,298.8863441604467,0.1953992837595834
19,103,JOHNSON,2022,205.2,0.8826451414526952,297.69913050938675,0.242332113045425
19,105,JONES,2022,218.2,0.8966002059353885,296.8327198003554,0.2536278419925356
19,107,KEOKUK,2022,170.4,0.881619049206661,298.5931838587311,0.2001005840775762
19,109,KOSSUTH,2022,196.8,0.8663320146661485,297.28506789184604,0.2146603383705226
19,111,LEE,2022,178.2,0.8702339549560866,298.687342200368,0.2213220002725254
19,113,LINN,2022,215.0,0.8712259360340294,297.07759946255345,0.2471660967239875
19,115,LOUISA,2022,196.3,0.8946715642691497,298.4541081406007,0.2051015482576196
19,117,LUCAS,2022,139.5,0.869021816219532,298.95297236853304,0.2044610979224637
19,119,LYON,2022,190.8,0.877934337751544,297.83758184409163,0.1854834272020131
19,121,MADISON,2022,166.9,0.8458123008663286,298.2740986386528,0.2318853331024001
19,123,MAHASKA,2022,186.3,0.8763674035505226,298.7368419595551,0.197506456487215
19,125,MARION,2022,175.2,0.8675673311541467,298.73145051951576,0.2075009396890958
19,127,MARSHALL,2022,214.1,0.8674980973585383,297.23179159602694,0.2611526396164276
19,129,MILLS,2022,191.1,0.869939908253069,298.4277745587589,0.2628317475023146
19,131,MITCHELL,2022,217.9,0.8803990444989097,296.2519384912736,0.2373141868708959
19,133,MONONA,2022,168.6,0.8604297048194585,298.23343436393134,0.2168155204907995
19,135,MONROE,2022,145.4,0.8706116395411173,299.07657931504514,0.2011982010180528
19,137,MONTGOMERY,2022,187.8,0.8673526012314414,298.249407328233,0.2616705664312255
19,139,MUSCATINE,2022,213.1,0.9048666755223908,297.9569805748724,0.2267931723024692
19,141,O BRIEN,2022,201.1,0.8889210896436787,297.53095520639084,0.117784769766736
19,143,OSCEOLA,2022,197.5,0.8893606687638459,297.2647040028794,0.1700190282975072
19,145,PAGE,2022,174.5,0.8631771784783121,298.7135603811052,0.2562362746782909
19,147,PALO ALTO,2022,195.8,0.8230586010196115,297.39748975969064,0.2184189656375733
19,149,PLYMOUTH,2022,171.8,0.8619948258991152,298.5879721415041,0.1182690492895453
19,151,POCAHONTAS,2022,198.2,0.8349098971201327,297.431802917215,0.21536640845772
19,153,POLK,2022,188.6,0.8538986102062249,297.98829346803615,0.2554984521968011
19,155,POTTAWATTAMIE,2022,195.0,0.8727828428649339,297.9148157813401,0.2666923270107685
19,157,POWESHIEK,2022,193.3,0.8748671224774196,297.7973570290257,0.2247657527497725
19,159,RINGGOLD,2022,151.8,0.8591356838817532,298.71988672962897,0.2374206125930968
19,161,SAC,2022,212.4,0.843645151696639,297.6100875628252,0.1849162336355926
19,163,SCOTT,2022,216.2,0.9032721909456376,297.3140454423811,0.2387981793749537
19,165,SHELBY,2022,209.0,0.8794551835547333,297.3675715168127,0.2703262473928613
19,167,SIOUX,2022,196.6,0.8759120786707041,298.17062326480607,0.1185644728865185
19,169,STORY,2022,207.1,0.8638439432046731,297.3034793942591,0.2689909610914685
19,171,TAMA,2022,203.3,0.870648899441665,297.1626582648124,0.2471439498772311
19,173,TAYLOR,2022,172.1,0.8558697869588738,298.63370607805257,0.2514886870213674
19,175,UNION,2022,149.4,0.8441072405779363,298.3957111497944,0.2382563717333533
19,177,VAN BUREN,2022,151.9,0.87414078167247,298.8980313147171,0.207836320917921
19,179,WAPELLO,2022,170.8,0.8839927185675187,299.03573045239875,0.1979596734049915
19,181,WARREN,2022,157.8,0.8561681328422417,298.59557356846466,0.2155358835810631
19,183,WASHINGTON,2022,185.7,0.892301354065713,298.48991263829043,0.2012475097734896
19,185,WAYNE,2022,170.1,0.8754991131168691,298.8969816681058,0.213286405482232
19,187,WEBSTER,2022,201.5,0.8656828063162654,297.3131987692622,0.2312168374029353
19,189,WINNEBAGO,2022,217.5,0.8938781170911799,297.0051609003396,0.2168595518995624
19,191,WINNESHIEK,2022,212.4,0.7826789487381397,295.87025418286544,0.3020028219836407
19,193,WOODBURY,2022,200.2,0.860499120256416,298.4860847053704,0.1890041718620065
19,195,WORTH,2022,219.4,0.8948027609837698,296.57535898959844,0.229817713197266
19,197,WRIGHT,2022,209.7,0.8735300756107186,296.92744645703834,0.2283808327456253
