state_fips,county_fips,county,ndvi_mean_jul
19,149,Plymouth,0.8619948258991152
19,193,Woodbury,0.860499120256416
19,027,Carroll,0.8739016216967196
19,061,Dubuque,0.8704104104835678
19,101,Jefferson,0.8781761386691538
19,187,Webster,0.8656828063162654
19,111,Lee,0.8702339549560866
19,127,Marshall,0.8674980973585383
19,195,Worth,0.8948027609837698
19,033,Cerro Gordo,0.888669192668235
19,051,Davis,0.8754949187146998
19,179,Wapello,0.8839927185675187
19,041,Clay,0.8830370427887506
19,059,Dickinson,0.8921426291824086
19,021,Buena Vista,0.8200980543010443
19,013,Black Hawk,0.814457812299532
19,075,Grundy,0.8593213738468263
19,017,Bremer,
19,085,Harrison,0.8742953207673315
19,129,Mills,0.869939908253069
19,155,Pottawattamie,0.8727828428649339
19,123,Mahaska,0.8763674035505226
19,125,Marion,0.8675673311541467
19,053,Decatur,0.8512520702111737
19,031,Cedar,0.9030382457792979
19,151,Pocahontas,0.8349098971201327
19,109,Kossuth,0.8663320146661485
19,089,Howard,0.8702651521150375
19,147,Palo Alto,0.8230586010196115
19,159,Ringgold,0.8591356838817532
19,025,Calhoun,0.8435280139150328
19,039,Clarke,0.8443502030612651
19,065,Fayette,0.795145978729173
19,001,Adair,0.8170934779202611
19,037,Chickasaw,
19,081,Hancock,0.8796901210550192
19,157,Poweshiek,0.8748671224774196
19,165,Shelby,0.8794551835547333
19,185,Wayne,0.8754991131168691
19,097,Jackson,0.8538802024883624
19,043,Clayton,0.8321466525164511
19,007,Appanoose,0.8801913404287683
19,177,Van Buren,0.87414078167247
19,197,Wright,0.8735300756107186
19,137,Montgomery,0.8673526012314414
19,175,Union,0.8441072405779363
19,107,Keokuk,0.881619049206661
19,131,Mitchell,0.8803990444989097
19,191,Winneshiek,0.7826789487381397
19,161,Sac,0.843645151696639
19,055,Delaware,0.8717212098414601
19,067,Floyd,0.8841616821047977
19,009,Audubon,0.8689261730606734
19,079,Hamilton,0.8693521517292487
19,069,Franklin,0.8814600720144354
19,141,O'Brien,0.8889210896436787
19,167,Sioux,0.8759120786707041
19,005,Allamakee,0.8485143198958159
19,189,Winnebago,0.8938781170911799
19,093,Ida,0.8710938599571187
19,029,Cass,0.8520764524091777
19,083,Hardin,0.8703912809135952
19,173,Taylor,0.8558697869588738
19,145,Page,0.8631771784783121
19,035,Cherokee,0.8617341561383636
19,071,Fremont,0.8744900295507552
19,095,Iowa,0.8834022546027023
19,023,Butler,0.8784274235486234
19,063,Emmet,0.9003819281936941
19,047,Crawford,0.8653859268047263
19,019,Buchanan,0.8506057957604616
19,143,Osceola,0.8893606687638459
19,073,Greene,0.8699428612817648
19,087,Henry,0.8746661409521512
19,119,Lyon,0.877934337751544
19,003,Adams,0.8479903512262766
19,133,Monona,0.8604297048194585
19,091,Humboldt,0.8418184952469643
19,115,Louisa,0.8946715642691497
19,171,Tama,0.870648899441665
19,135,Monroe,0.8706116395411173
19,117,Lucas,0.869021816219532
19,057,Des Moines,0.8956227356796006
19,011,Benton,0.8526000893405425
19,113,Linn,0.8712259360340294
19,105,Jones,0.8966002059353885
19,103,Johnson,0.8826451414526952
19,183,Washington,0.892301354065713
19,045,Clinton,0.8909589801349422
19,163,Scott,0.9032721909456377
19,139,Muscatine,0.9048666755223908
19,169,Story,0.8638439432046731
19,015,Boone,0.8618917707588677
19,121,Madison,0.8458123008663286
19,181,Warren,0.8561681328422417
19,049,Dallas,0.8623661915082201
19,153,Polk,0.8538986102062249
19,077,Guthrie,0.8585840649983436
19,099,Jasper,0.8775996515590815
