state_fips,county_fips,county,corn_area_km2
19,149,Plymouth,926.97
19,193,Woodbury,808.99
19,027,Carroll,713.56
19,061,Dubuque,529.33
19,101,Jefferson,264.19
19,187,Webster,780.96
19,111,Lee,281.8
19,127,Marshall,595.69
19,195,Worth,457.5
19,033,Cerro Gordo,658.98
19,051,Davis,154.82
19,179,Wapello,208.29
19,041,Clay,609.03
19,059,Dickinson,380.19
19,021,Buena Vista,649.0
19,013,Black Hawk,551.61
19,075,Grundy,620.74
19,017,Bremer,455.66
19,085,Harrison,703.43
19,129,Mills,398.58
19,155,Pottawattamie,960.3
19,123,Mahaska,493.44
19,125,Marion,292.08
19,053,Decatur,112.48
19,031,Cedar,599.98
19,151,Pocahontas,711.09
19,109,Kossuth,1189.1
19,089,Howard,552.09
19,147,Palo Alto,687.13
19,159,Ringgold,197.8
19,025,Calhoun,706.03
19,039,Clarke,110.76
19,065,Fayette,714.53
19,001,Adair,435.48
19,037,Chickasaw,585.48
19,081,Hancock,686.27
19,157,Poweshiek,551.05
19,165,Shelby,679.94
19,185,Wayne,220.94
19,097,Jackson,403.48
19,043,Clayton,500.82
19,007,Appanoose,106.8
19,177,Van Buren,197.35
19,197,Wright,693.81
19,137,Montgomery,376.81
19,175,Union,207.73
19,107,Keokuk,446.95
19,131,Mitchell,593.05
19,191,Winneshiek,585.34
19,161,Sac,663.75
19,055,Delaware,709.58
19,067,Floyd,566.75
19,009,Audubon,458.94
19,079,Hamilton,723.11
19,069,Franklin,754.74
19,141,O'Brien,670.45
19,167,Sioux,977.75
19,005,Allamakee,265.89
19,189,Winnebago,470.44
19,093,Ida,495.67
19,029,Cass,514.81
19,083,Hardin,687.82
19,173,Taylor,317.39
19,145,Page,469.67
19,035,Cherokee,592.62
19,071,Fremont,460.35
19,095,Iowa,496.26
19,023,Butler,643.28
19,063,Emmet,448.49
19,047,Crawford,810.92
19,019,Buchanan,712.32
19,143,Osceola,475.88
19,073,Greene,658.42
19,087,Henry,309.21
19,119,Lyon,717.33
19,003,Adams,270.0
19,133,Monona,665.61
19,091,Humboldt,519.86
19,115,Louisa,311.85
19,171,Tama,681.48
19,135,Monroe,91.03
19,117,Lucas,110.4
19,057,Des Moines,277.33
19,011,Benton,758.72
19,113,Linn,573.46
19,105,Jones,579.0
19,103,Johnson,422.97
19,183,Washington,453.75
19,045,Clinton,729.72
19,163,Scott,420.16
19,139,Muscatine,357.17
19,169,Story,634.87
19,015,Boone,608.35
19,121,Madison,275.54
19,181,Warren,241.7
19,049,Dallas,526.44
19,153,Polk,307.35
19,077,Guthrie,430.9
19,099,Jasper,691.6
