state_fips,county_fips,state,county,year,yield_bu_ac
19,001,IOWA,ADAIR,2018,149.5
19,001,IOWA,ADAIR,2019,176.5
19,001,IOWA,ADAIR,2020,168.7
19,001,IOWA,ADAIR,2022,164.2
19,003,IOWA,ADAMS,2018,171.6
19,003,IOWA,ADAMS,2020,173.3
19,005,IOWA,ALLAMAKEE,2018,198.4
19,005,IOWA,ALLAMAKEE,2019,187.2
19,005,IOWA,ALLAMAKEE,2020,196.3
19,005,IOWA,ALLAMAKEE,2021,198.5
19,005,IOWA,ALLAMAKEE,2022,215.9
19,007,IOWA,APPANOOSE,2019,166.8
19,007,IOWA,APPANOOSE,2020,143.6
19,007,IOWA,APPANOOSE,2021,171.6
19,007,IOWA,APPANOOSE,2022,146.1
19,009,IOWA,AUDUBON,2018,180.0
19,009,IOWA,AUDUBON,2019,216.0
19,009,IOWA,AUDUBON,2020,170.8
19,009,IOWA,AUDUBON,2021,216.0
19,009,IOWA,AUDUBON,2022,197.9
19,011,IOWA,BENTON,2018,214.6
19,011,IOWA,BENTON,2019,197.6
19,011,IOWA,BENTON,2020,144.8
19,011,IOWA,BENTON,2021,211.7
19,011,IOWA,BENTON,2022,221.7
19,013,IOWA,BLACK HAWK,2018,206.2
19,013,IOWA,BLACK HAWK,2019,205.1
19,013,IOWA,BLACK HAWK,2020,169.8
19,013,IOWA,BLACK HAWK,2021,193.6
19,013,IOWA,BLACK HAWK,2022,202.4
19,015,IOWA,BOONE,2018,193.7
19,015,IOWA,BOONE,2019,194.8
19,015,IOWA,BOONE,2020,160.7
19,015,IOWA,BOONE,2021,208.4
19,015,IOWA,BOONE,2022,202.4
19,017,IOWA,BREMER,2018,212.4
19,017,IOWA,BREMER,2019,212.5
19,017,IOWA,BREMER,2020,187.6
19,017,IOWA,BREMER,2021,200.1
19,017,IOWA,BREMER,2022,210.8
19,019,IOWA,BUCHANAN,2018,207.1
19,019,IOWA,BUCHANAN,2019,218.9
19,019,IOWA,BUCHANAN,2020,188.3
19,019,IOWA,BUCHANAN,2021,209.0
19,019,IOWA,BUCHANAN,2022,209.7
19,021,IOWA,BUENA VISTA,2018,193.1
19,021,IOWA,BUENA VISTA,2019,190.8
19,021,IOWA,BUENA VISTA,2020,183.9
19,021,IOWA,BUENA VISTA,2021,203.9
19,021,IOWA,BUENA VISTA,2022,196.9
19,023,IOWA,BUTLER,2018,211.3
19,023,IOWA,BUTLER,2019,209.5
19,023,IOWA,BUTLER,2020,192.8
19,023,IOWA,BUTLER,2021,204.5
19,023,IOWA,BUTLER,2022,212.4
19,025,IOWA,CALHOUN,2018,193.3
19,025,IOWA,CALHOUN,2019,198.8
19,025,IOWA,CALHOUN,2020,159.6
19,025,IOWA,CALHOUN,2021,217.8
19,025,IOWA,CALHOUN,2022,202.3
19,027,IOWA,CARROLL,2018,208.4
19,027,IOWA,CARROLL,2019,219.7
19,027,IOWA,CARROLL,2020,150.6
19,027,IOWA,CARROLL,2021,218.3
19,027,IOWA,CARROLL,2022,195.7
19,029,IOWA,CASS,2018,169.5
19,029,IOWA,CASS,2019,200.3
19,029,IOWA,CASS,2020,177.5
19,029,IOWA,CASS,2021,212.4
19,029,IOWA,CASS,2022,179.2
19,031,IOWA,CEDAR,2018,222.3
19,031,IOWA,CEDAR,2019,193.7
19,031,IOWA,CEDAR,2020,153.3
19,031,IOWA,CEDAR,2021,207.1
19,031,IOWA,CEDAR,2022,221.4
19,033,IOWA,CERRO GORDO,2018,184.4
19,033,IOWA,CERRO GORDO,2019,191.8
19,033,IOWA,CERRO GORDO,2020,182.5
19,033,IOWA,CERRO GORDO,2021,200.0
19,033,IOWA,CERRO GORDO,2022,216.9
19,035,IOWA,CHEROKEE,2018,213.3
19,035,IOWA,CHEROKEE,2019,208.9
19,035,IOWA,CHEROKEE,2020,185.7
19,035,IOWA,CHEROKEE,2022,198.7
19,037,IOWA,CHICKASAW,2018,192.9
19,037,IOWA,CHICKASAW,2019,212.1
19,037,IOWA,CHICKASAW,2020,185.7
19,037,IOWA,CHICKASAW,2021,208.2
19,037,IOWA,CHICKASAW,2022,214.6
19,039,IOWA,CLARKE,2018,161.8
19,039,IOWA,CLARKE,2020,155.2
19,041,IOWA,CLAY,2018,158.5
19,041,IOWA,CLAY,2019,185.5
19,041,IOWA,CLAY,2020,168.1
19,041,IOWA,CLAY,2021,203.3
19,041,IOWA,CLAY,2022,191.4
19,043,IOWA,CLAYTON,2018,201.5
19,043,IOWA,CLAYTON,2019,197.5
19,043,IOWA,CLAYTON,2020,191.1
19,043,IOWA,CLAYTON,2021,195.3
19,043,IOWA,CLAYTON,2022,215.4
19,045,IOWA,CLINTON,2018,210.9
19,045,IOWA,CLINTON,2019,196.1
19,045,IOWA,CLINTON,2020,178.4
19,045,IOWA,CLINTON,2021,206.5
19,045,IOWA,CLINTON,2022,225.2
19,047,IOWA,CRAWFORD,2018,214.0
19,047,IOWA,CRAWFORD,2019,234.7
19,047,IOWA,CRAWFORD,2020,181.2
19,047,IOWA,CRAWFORD,2021,218.5
19,047,IOWA,CRAWFORD,2022,216.4
19,049,IOWA,DALLAS,2018,174.0
19,049,IOWA,DALLAS,2019,195.0
19,049,IOWA,DALLAS,2020,139.7
19,049,IOWA,DALLAS,2021,209.9
19,049,IOWA,DALLAS,2022,187.2
19,051,IOWA,DAVIS,2019,160.0
19,051,IOWA,DAVIS,2020,170.0
19,051,IOWA,DAVIS,2021,152.5
19,051,IOWA,DAVIS,2022,154.9
19,053,IOWA,DECATUR,2018,172.5
19,053,IOWA,DECATUR,2020,159.3
19,053,IOWA,DECATUR,2022,148.7
19,055,IOWA,DELAWARE,2018,224.8
19,055,IOWA,DELAWARE,2019,204.5
19,055,IOWA,DELAWARE,2020,190.4
19,055,IOWA,DELAWARE,2021,218.0
19,055,IOWA,DELAWARE,2022,230.8
19,057,IOWA,DES MOINES,2018,195.4
19,057,IOWA,DES MOINES,2019,176.9
19,057,IOWA,DES MOINES,2020,190.2
19,057,IOWA,DES MOINES,2022,194.8
19,059,IOWA,DICKINSON,2018,160.4
19,059,IOWA,DICKINSON,2019,170.0
19,059,IOWA,DICKINSON,2020,182.2
19,059,IOWA,DICKINSON,2021,177.7
19,059,IOWA,DICKINSON,2022,203.4
19,061,IOWA,DUBUQUE,2018,211.8
19,061,IOWA,DUBUQUE,2019,216.4
19,061,IOWA,DUBUQUE,2020,197.1
19,061,IOWA,DUBUQUE,2021,217.2
19,061,IOWA,DUBUQUE,2022,223.7
19,063,IOWA,EMMET,2018,155.8
19,063,IOWA,EMMET,2020,186.1
19,063,IOWA,EMMET,2021,182.5
19,063,IOWA,EMMET,2022,213.6
19,065,IOWA,FAYETTE,2018,200.1
19,065,IOWA,FAYETTE,2019,200.5
19,065,IOWA,FAYETTE,2020,180.1
19,065,IOWA,FAYETTE,2021,205.6
19,065,IOWA,FAYETTE,2022,209.8
19,067,IOWA,FLOYD,2018,184.4
19,067,IOWA,FLOYD,2019,202.9
19,067,IOWA,FLOYD,2020,187.4
19,067,IOWA,FLOYD,2021,204.4
19,067,IOWA,FLOYD,2022,204.6
19,069,IOWA,FRANKLIN,2018,204.3
19,069,IOWA,FRANKLIN,2019,202.7
19,069,IOWA,FRANKLIN,2020,180.1
19,069,IOWA,FRANKLIN,2021,198.9
19,069,IOWA,FRANKLIN,2022,220.1
19,071,IOWA,FREMONT,2018,195.1
19,071,IOWA,FREMONT,2020,194.8
19,071,IOWA,FREMONT,2021,206.7
19,071,IOWA,FREMONT,2022,191.6
19,073,IOWA,GREENE,2018,201.3
19,073,IOWA,GREENE,2019,201.4
19,073,IOWA,GREENE,2020,153.8
19,073,IOWA,GREENE,2021,220.5
19,073,IOWA,GREENE,2022,197.3
19,075,IOWA,GRUNDY,2018,225.2
19,075,IOWA,GRUNDY,2019,209.8
19,075,IOWA,GRUNDY,2020,182.7
19,075,IOWA,GRUNDY,2021,209.4
19,075,IOWA,GRUNDY,2022,207.5
19,077,IOWA,GUTHRIE,2018,192.2
19,077,IOWA,GUTHRIE,2019,196.7
19,077,IOWA,GUTHRIE,2020,151.3
19,077,IOWA,GUTHRIE,2021,220.0
19,077,IOWA,GUTHRIE,2022,193.6
19,079,IOWA,HAMILTON,2018,188.9
19,079,IOWA,HAMILTON,2019,198.2
19,079,IOWA,HAMILTON,2020,166.2
19,079,IOWA,HAMILTON,2022,208.6
19,081,IOWA,HANCOCK,2018,176.7
19,081,IOWA,HANCOCK,2019,193.3
19,081,IOWA,HANCOCK,2020,200.0
19,081,IOWA,HANCOCK,2021,209.8
19,081,IOWA,HANCOCK,2022,211.5
19,083,IOWA,HARDIN,2018,216.6
19,083,IOWA,HARDIN,2019,200.2
19,083,IOWA,HARDIN,2020,155.7
19,083,IOWA,HARDIN,2021,193.2
19,083,IOWA,HARDIN,2022,215.6
19,085,IOWA,HARRISON,2018,176.0
19,085,IOWA,HARRISON,2020,180.2
19,085,IOWA,HARRISON,2022,172.4
19,087,IOWA,HENRY,2018,189.7
19,087,IOWA,HENRY,2019,164.5
19,087,IOWA,HENRY,2020,172.0
19,087,IOWA,HENRY,2021,167.7
19,087,IOWA,HENRY,2022,167.7
19,089,IOWA,HOWARD,2018,185.5
19,089,IOWA,HOWARD,2019,194.2
19,089,IOWA,HOWARD,2020,188.6
19,089,IOWA,HOWARD,2021,207.3
19,089,IOWA,HOWARD,2022,217.2
19,091,IOWA,HUMBOLDT,2018,162.3
19,091,IOWA,HUMBOLDT,2019,198.7
19,091,IOWA,HUMBOLDT,2020,188.4
19,091,IOWA,HUMBOLDT,2021,205.4
19,091,IOWA,HUMBOLDT,2022,195.5
19,093,IOWA,IDA,2018,222.2
19,093,IOWA,IDA,2020,188.2
19,093,IOWA,IDA,2021,226.8
19,093,IOWA,IDA,2022,221.2
19,095,IOWA,IOWA,2018,211.7
19,095,IOWA,IOWA,2019,190.6
19,095,IOWA,IOWA,2020,151.1
19,095,IOWA,IOWA,2022,205.9
19,097,IOWA,JACKSON,2018,202.4
19,097,IOWA,JACKSON,2019,185.5
19,097,IOWA,JACKSON,2020,185.6
19,097,IOWA,JACKSON,2021,191.2
19,097,IOWA,JACKSON,2022,219.2
19,099,IOWA,JASPER,2018,218.6
19,099,IOWA,JASPER,2019,209.3
19,099,IOWA,JASPER,2021,221.7
19,099,IOWA,JASPER,2022,203.6
19,101,IOWA,JEFFERSON,2018,198.8
19,101,IOWA,JEFFERSON,2019,162.7
19,101,IOWA,JEFFERSON,2020,167.3
19,101,IOWA,JEFFERSON,2021,163.3
19,101,IOWA,JEFFERSON,2022,178.0
19,103,IOWA,JOHNSON,2018,212.3
19,103,IOWA,JOHNSON,2019,181.3
19,103,IOWA,JOHNSON,2020,161.8
19,103,IOWA,JOHNSON,2022,205.2
19,105,IOWA,JONES,2018,208.9
19,105,IOWA,JONES,2019,203.0
19,105,IOWA,JONES,2020,171.6
19,105,IOWA,JONES,2022,218.2
19,107,IOWA,KEOKUK,2018,203.7
19,107,IOWA,KEOKUK,2019,175.4
19,107,IOWA,KEOKUK,2020,163.5
19,107,IOWA,KEOKUK,2021,176.5
19,107,IOWA,KEOKUK,2022,170.4
19,109,IOWA,KOSSUTH,2018,180.2
19,109,IOWA,KOSSUTH,2019,198.7
19,109,IOWA,KOSSUTH,2020,190.7
19,109,IOWA,KOSSUTH,2021,190.7
19,109,IOWA,KOSSUTH,2022,196.8
19,111,IOWA,LEE,2018,201.3
19,111,IOWA,LEE,2019,172.5
19,111,IOWA,LEE,2020,174.3
19,111,IOWA,LEE,2021,160.4
19,111,IOWA,LEE,2022,178.2
19,113,IOWA,LINN,2018,215.4
19,113,IOWA,LINN,2019,223.7
19,113,IOWA,LINN,2020,164.9
19,113,IOWA,LINN,2022,215.0
19,115,IOWA,LOUISA,2018,196.5
19,115,IOWA,LOUISA,2019,174.6
19,115,IOWA,LOUISA,2020,181.6
19,115,IOWA,LOUISA,2021,189.5
19,115,IOWA,LOUISA,2022,196.3
19,117,IOWA,LUCAS,2020,149.2
19,117,IOWA,LUCAS,2021,166.1
19,117,IOWA,LUCAS,2022,139.5
19,119,IOWA,LYON,2018,193.0
19,119,IOWA,LYON,2019,186.5
19,119,IOWA,LYON,2020,197.0
19,119,IOWA,LYON,2021,216.7
19,119,IOWA,LYON,2022,190.8
19,121,IOWA,MADISON,2018,167.8
19,121,IOWA,MADISON,2019,175.7
19,121,IOWA,MADISON,2020,172.0
19,121,IOWA,MADISON,2021,195.6
19,121,IOWA,MADISON,2022,166.9
19,123,IOWA,MAHASKA,2018,207.7
19,123,IOWA,MAHASKA,2019,189.9
19,123,IOWA,MAHASKA,2020,180.8
19,123,IOWA,MAHASKA,2021,200.5
19,123,IOWA,MAHASKA,2022,186.3
19,125,IOWA,MARION,2018,190.2
19,125,IOWA,MARION,2019,170.7
19,125,IOWA,MARION,2021,199.1
19,125,IOWA,MARION,2022,175.2
19,127,IOWA,MARSHALL,2018,226.0
19,127,IOWA,MARSHALL,2019,221.9
19,127,IOWA,MARSHALL,2021,211.5
19,127,IOWA,MARSHALL,2022,214.1
19,129,IOWA,MILLS,2019,202.9
19,129,IOWA,MILLS,2020,182.2
19,129,IOWA,MILLS,2021,209.8
19,129,IOWA,MILLS,2022,191.1
19,131,IOWA,MITCHELL,2018,193.3
19,131,IOWA,MITCHELL,2019,194.5
19,131,IOWA,MITCHELL,2020,203.3
19,131,IOWA,MITCHELL,2021,203.3
19,131,IOWA,MITCHELL,2022,217.9
19,133,IOWA,MONONA,2018,181.4
19,133,IOWA,MONONA,2019,203.9
19,133,IOWA,MONONA,2020,178.4
19,133,IOWA,MONONA,2021,197.7
19,133,IOWA,MONONA,2022,168.6
19,135,IOWA,MONROE,2018,167.0
19,135,IOWA,MONROE,2019,162.3
19,135,IOWA,MONROE,2020,153.8
19,135,IOWA,MONROE,2021,166.1
19,135,IOWA,MONROE,2022,145.4
19,137,IOWA,MONTGOMERY,2018,191.5
19,137,IOWA,MONTGOMERY,2019,204.8
19,137,IOWA,MONTGOMERY,2020,184.6
19,137,IOWA,MONTGOMERY,2021,204.9
19,137,IOWA,MONTGOMERY,2022,187.8
19,139,IOWA,MUSCATINE,2018,209.6
19,139,IOWA,MUSCATINE,2019,173.2
19,139,IOWA,MUSCATINE,2020,172.8
19,139,IOWA,MUSCATINE,2021,204.5
19,139,IOWA,MUSCATINE,2022,213.1
19,141,IOWA,O BRIEN,2018,201.6
19,141,IOWA,O BRIEN,2019,204.9
19,141,IOWA,O BRIEN,2020,199.5
19,141,IOWA,O BRIEN,2021,213.5
19,141,IOWA,O BRIEN,2022,201.1
19,143,IOWA,OSCEOLA,2018,180.2
19,143,IOWA,OSCEOLA,2019,182.5
19,143,IOWA,OSCEOLA,2020,185.3
19,143,IOWA,OSCEOLA,2021,208.0
19,143,IOWA,OSCEOLA,2022,197.5
19,145,IOWA,PAGE,2018,188.1
19,145,IOWA,PAGE,2019,191.3
19,145,IOWA,PAGE,2020,181.6
19,145,IOWA,PAGE,2021,206.9
19,145,IOWA,PAGE,2022,174.5
19,147,IOWA,PALO ALTO,2018,157.9
19,147,IOWA,PALO ALTO,2019,198.3
19,147,IOWA,PALO ALTO,2020,181.1
19,147,IOWA,PALO ALTO,2021,190.1
19,147,IOWA,PALO ALTO,2022,195.8
19,149,IOWA,PLYMOUTH,2018,213.8
19,149,IOWA,PLYMOUTH,2019,217.8
19,149,IOWA,PLYMOUTH,2021,190.9
19,149,IOWA,PLYMOUTH,2022,171.8
19,151,IOWA,POCAHONTAS,2018,179.2
19,151,IOWA,POCAHONTAS,2020,186.2
19,151,IOWA,POCAHONTAS,2021,213.9
19,151,IOWA,POCAHONTAS,2022,198.2
19,153,IOWA,POLK,2018,186.2
19,153,IOWA,POLK,2019,196.6
19,153,IOWA,POLK,2020,150.2
19,153,IOWA,POLK,2021,217.5
19,153,IOWA,POLK,2022,188.6
19,155,IOWA,POTTAWATTAMIE,2019,208.0
19,155,IOWA,POTTAWATTAMIE,2020,176.3
19,155,IOWA,POTTAWATTAMIE,2021,216.3
19,155,IOWA,POTTAWATTAMIE,2022,195.0
19,157,IOWA,POWESHIEK,2018,218.7
19,157,IOWA,POWESHIEK,2019,200.3
19,157,IOWA,POWESHIEK,2020,138.2
19,157,IOWA,POWESHIEK,2021,201.0
19,157,IOWA,POWESHIEK,2022,193.3
19,159,IOWA,RINGGOLD,2018,153.3
19,159,IOWA,RINGGOLD,2020,159.1
19,159,IOWA,RINGGOLD,2021,175.8
19,159,IOWA,RINGGOLD,2022,151.8
19,161,IOWA,SAC,2018,213.5
19,161,IOWA,SAC,2019,220.6
19,161,IOWA,SAC,2020,161.0
19,161,IOWA,SAC,2021,231.0
19,161,IOWA,SAC,2022,212.4
19,163,IOWA,SCOTT,2018,214.0
19,163,IOWA,SCOTT,2019,189.4
19,163,IOWA,SCOTT,2020,181.3
19,163,IOWA,SCOTT,2021,206.8
19,163,IOWA,SCOTT,2022,216.2
19,165,IOWA,SHELBY,2018,189.1
19,165,IOWA,SHELBY,2019,217.3
19,165,IOWA,SHELBY,2020,190.5
19,165,IOWA,SHELBY,2022,209.0
19,167,IOWA,SIOUX,2018,211.9
19,167,IOWA,SIOUX,2019,192.1
19,167,IOWA,SIOUX,2020,201.8
19,167,IOWA,SIOUX,2021,220.6
19,167,IOWA,SIOUX,2022,196.6
19,169,IOWA,STORY,2018,192.3
19,169,IOWA,STORY,2019,189.3
19,169,IOWA,STORY,2020,148.4
19,169,IOWA,STORY,2021,201.2
19,169,IOWA,STORY,2022,207.1
19,171,IOWA,TAMA,2018,224.3
19,171,IOWA,TAMA,2019,204.8
19,171,IOWA,TAMA,2020,132.7
19,171,IOWA,TAMA,2021,213.9
19,171,IOWA,TAMA,2022,203.3
19,173,IOWA,TAYLOR,2018,154.4
19,173,IOWA,TAYLOR,2019,161.7
19,173,IOWA,TAYLOR,2020,166.2
19,173,IOWA,TAYLOR,2021,192.0
19,173,IOWA,TAYLOR,2022,172.1
19,175,IOWA,UNION,2018,155.8
19,175,IOWA,UNION,2019,168.9
19,175,IOWA,UNION,2020,179.7
19,175,IOWA,UNION,2021,185.2
19,175,IOWA,UNION,2022,149.4
19,177,IOWA,VAN BUREN,2018,180.9
19,177,IOWA,VAN BUREN,2019,171.0
19,177,IOWA,VAN BUREN,2020,153.5
19,177,IOWA,VAN BUREN,2021,162.5
19,177,IOWA,VAN BUREN,2022,151.9
19,179,IOWA,WAPELLO,2019,176.5
19,179,IOWA,WAPELLO,2020,170.6
19,179,IOWA,WAPELLO,2021,178.0
19,179,IOWA,WAPELLO,2022,170.8
19,181,IOWA,WARREN,2018,163.6
19,181,IOWA,WARREN,2020,168.0
19,181,IOWA,WARREN,2022,157.8
19,183,IOWA,WASHINGTON,2018,214.3
19,183,IOWA,WASHINGTON,2019,178.9
19,183,IOWA,WASHINGTON,2020,185.4
19,183,IOWA,WASHINGTON,2022,185.7
19,185,IOWA,WAYNE,2018,171.6
19,185,IOWA,WAYNE,2019,151.4
19,185,IOWA,WAYNE,2020,168.8
19,185,IOWA,WAYNE,2021,177.0
19,185,IOWA,WAYNE,2022,170.1
19,187,IOWA,WEBSTER,2018,188.1
19,187,IOWA,WEBSTER,2019,202.9
19,187,IOWA,WEBSTER,2020,173.1
19,187,IOWA,WEBSTER,2021,216.2
19,187,IOWA,WEBSTER,2022,201.5
19,189,IOWA,WINNEBAGO,2018,180.8
19,189,IOWA,WINNEBAGO,2019,198.8
19,189,IOWA,WINNEBAGO,2020,207.1
19,189,IOWA,WINNEBAGO,2021,197.6
19,189,IOWA,WINNEBAGO,2022,217.5
19,191,IOWA,WINNESHIEK,2018,198.1
19,191,IOWA,WINNESHIEK,2019,200.4
19,191,IOWA,WINNESHIEK,2020,178.2
19,191,IOWA,WINNESHIEK,2021,199.3
19,191,IOWA,WINNESHIEK,2022,212.4
19,193,IOWA,WOODBURY,2018,219.3
19,193,IOWA,WOODBURY,2019,218.2
19,193,IOWA,WOODBURY,2020,191.0
19,193,IOWA,WOODBURY,2021,206.7
19,193,IOWA,WOODBURY,2022,200.2
19,195,IOWA,WORTH,2018,180.0
19,195,IOWA,WORTH,2019,196.5
19,195,IOWA,WORTH,2020,205.7
19,195,IOWA,WORTH,2021,207.4
19,195,IOWA,WORTH,2022,219.4
19,197,IOWA,WRIGHT,2018,180.5
19,197,IOWA,WRIGHT,2019,197.0
19,197,IOWA,WRIGHT,2020,186.0
19,197,IOWA,WRIGHT,2021,192.2
19,197,IOWA,WRIGHT,2022,209.7
