"Program","Year","Period","Week Ending","Geo Level","State","State ANSI","Ag District","Ag District Code","County","County ANSI","Zip Code","Region","watershed_code","Watershed","Commodity","Data Item","Domain","Domain Category","Value","CV (%)"
"SURVEY","2022","YEAR","","COUNTY","IOWA","19","","99","OTHER COUNTIES","","","","00000000","","CORN","CORN, GRAIN - YIELD, MEASURED IN BU / ACRE","TOTAL","NOT SPECIFIED","150.2","3.2"
"SURVEY","2022","YEAR","","COUNTY","IOWA","19","CENTRAL","50","BOONE","015","","","00000000","","CORN","CORN, GRAIN - YIELD, MEASURED IN BU / ACRE","TOTAL","NOT SPECIFIED","202.4","1.8"
"SURVEY","2022","YEAR","","COUNTY","IOWA","19","CENTRAL","50","DALLAS","049","","","00000000","","CORN","CORN, GRAIN - YIELD, MEASURED IN BU / ACRE","TOTAL","NOT SPECIFIED","187.2","3.3"
"SURVEY","2022","YEAR","","COUNTY","IOWA","19","CENTRAL","50","GRUNDY","075","","","00000000","","CORN","CORN, GRAIN - YIELD, MEASURED IN BU / ACRE","TOTAL","NOT SPECIFIED","207.5","2.5"
"SURVEY","2022","YEAR","","COUNTY","IOWA","19","CENTRAL","50","HAMILTON","079","","","00000000","","CORN","CORN, GRAIN - YIELD, MEASURED IN BU / ACRE","TOTAL","NOT SPECIFIED","208.6","1.5"
"SURVEY","2022","YEAR","","COUNTY","IOWA","19","CENTRAL","50","HARDIN","083","","","00000000","","CORN","CORN, GRAIN - YIELD, MEASURED IN BU / ACRE","TOTAL","NOT SPECIFIED","215.6","2.0"
"SURVEY","2022","YEAR","","COUNTY","IOWA","19","CENTRAL","50","JASPER","099","","","00000000","","CORN","CORN, GRAIN - YIELD, MEASURED IN BU / ACRE","TOTAL","NOT SPECIFIED","203.6","1.2"
"SURVEY","2022","YEAR","","COUNTY","IOWA","19","CENTRAL","50","MARSHALL","127","","","00000000","","CORN","CORN, GRAIN - YIELD, MEASURED IN BU / ACRE","TOTAL","NOT SPECIFIED","214.1","2.1"
"SURVEY","2022","YEAR","","COUNTY","IOWA","19","CENTRAL","50","POLK","153","","","00000000","","CORN","CORN, GRAIN - YIELD, MEASURED IN BU / ACRE","TOTAL","NOT SPECIFIED","188.6","2.6"
"SURVEY","2022","YEAR","","COUNTY","IOWA","19","CENTRAL","50","POWESHIEK","157","","","00000000","","CORN","CORN, GRAIN - YIELD, MEASURED IN BU / ACRE","TOTAL","NOT SPECIFIED","193.3","3.3"
"SURVEY","2022","YEAR","","COUNTY","IOWA","19","CENTRAL","50","STORY","169","","","00000000","","CORN","CORN, GRAIN - YIELD, MEASURED IN BU / ACRE","TOTAL","NOT SPECIFIED","207.1","2.5"
"SURVEY","2022","YEAR","","COUNTY","IOWA","19","CENTRAL","50","TAMA","171","","","00000000","","CORN","CORN, GRAIN - YIELD, MEASURED IN BU / ACRE","TOTAL","NOT SPECIFIED","203.3","3.4"
"SURVEY","2022","YEAR","","COUNTY","IOWA","19","CENTRAL","50","WEBSTER","187","","","00000000","","CORN","CORN, GRAIN - YIELD, MEASURED IN BU / ACRE","TOTAL","NOT SPECIFIED","201.5","1.8"
"SURVEY","2022","YEAR","","COUNTY","IOWA","19","EAST CENTRAL","60","BENTON","011","","","00000000","","CORN","CORN, GRAIN - YIELD, MEASURED IN BU / ACRE","TOTAL","NOT SPECIFIED","221.7","1.9"
"SURVEY","2022","YEAR","","COUNTY","IOWA","19","EAST CENTRAL","60","CEDAR","031","","","00000000","","CORN","CORN, GRAIN - YIELD, MEASURED IN BU / ACRE","TOTAL","NOT SPECIFIED","221.4","1.5"
"SURVEY","2022","YEAR","","COUNTY","IOWA","19","EAST CENTRAL","60","CLINTON","045","","","00000000","","CORN","CORN, GRAIN - YIELD, MEASURED IN BU / ACRE","TOTAL","NOT SPECIFIED","225.2","1.7"
"SURVEY","2022","YEAR","","COUNTY","IOWA","19","EAST CENTRAL","60","IOWA","095","","","00000000","","CORN","CORN, GRAIN - YIELD, MEASURED IN BU / ACRE","TOTAL","NOT SPECIFIED","205.9","2.4"
"SURVEY","2022","YEAR","","COUNTY","IOWA","19","EAST CENTRAL","60","JACKSON","097","","","00000000","","CORN","CORN, GRAIN - YIELD, MEASURED IN BU / ACRE","TOTAL","NOT SPECIFIED","219.2","3.5"
"SURVEY","2022","YEAR","","COUNTY","IOWA","19","EAST CENTRAL","60","JOHNSON","103","","","00000000","","CORN","CORN, GRAIN - YIELD, MEASURED IN BU / ACRE","TOTAL","NOT SPECIFIED","205.2","3.1"
"SURVEY","2022","YEAR","","COUNTY","IOWA","19","EAST CENTRAL","60","JONES","105","","","00000000","","CORN","CORN, GRAIN - YIELD, MEASURED IN BU / ACRE","TOTAL","NOT SPECIFIED","218.2","2.0"
"SURVEY","2022","YEAR","","COUNTY","IOWA","19","EAST CENTRAL","60","LINN","113","","","00000000","","CORN","CORN, GRAIN - YIELD, MEASURED IN BU / ACRE","TOTAL","NOT SPECIFIED","215","1.1"
"SURVEY","2022","YEAR","","COUNTY","IOWA","19","EAST CENTRAL","60","MUSCATINE","139","","","00000000","","CORN","CORN, GRAIN - YIELD, MEASURED IN BU / ACRE","TOTAL","NOT SPECIFIED","213.1","1.7"
"SURVEY","2022","YEAR","","COUNTY","IOWA","19","EAST CENTRAL","60","SCOTT","163","","","00000000","","CORN","CORN, GRAIN - YIELD, MEASURED IN BU / ACRE","TOTAL","NOT SPECIFIED","216.2","3.0"
"SURVEY","2022","YEAR","","COUNTY","IOWA","19","NORTH CENTRAL","20","BUTLER","023","","","00000000","","CORN","CORN, GRAIN - YIELD, MEASURED IN BU / ACRE","TOTAL","NOT SPECIFIED","212.4","1.5"
"SURVEY","2022","YEAR","","COUNTY","IOWA","19","NORTH CENTRAL","20","CERRO GORDO","033","","","00000000","","CORN","CORN, GRAIN - YIELD, MEASURED IN BU / ACRE","TOTAL","NOT SPECIFIED","216.9","2.0"
"SURVEY","2022","YEAR","","COUNTY","IOWA","19","NORTH CENTRAL","20","FLOYD","067","","","00000000","","CORN","CORN, GRAIN - YIELD, MEASURED IN BU / ACRE","TOTAL","NOT SPECIFIED","204.6","2.5"
"SURVEY","2022","YEAR","","COUNTY","IOWA","19","NORTH CENTRAL","20","FRANKLIN","069","","","00000000","","CORN","CORN, GRAIN - YIELD, MEASURED IN BU / ACRE","TOTAL","NOT SPECIFIED","220.1","2.4"
"SURVEY","2022","YEAR","","COUNTY","IOWA","19","NORTH CENTRAL","20","HANCOCK","081","","","00000000","","CORN","CORN, GRAIN - YIELD, MEASURED IN BU / ACRE","TOTAL","NOT SPECIFIED","211.5","2.7"
"SURVEY","2022","YEAR","","COUNTY","IOWA","19","NORTH CENTRAL","20","HUMBOLDT","091","","","00000000","","CORN","CORN, GRAIN - YIELD, MEASURED IN BU / ACRE","TOTAL","NOT SPECIFIED","195.5","2.7"
"SURVEY","2022","YEAR","","COUNTY","IOWA","19","NORTH CENTRAL","20","KOSSUTH","109","","","00000000","","CORN","CORN, GRAIN - YIELD, MEASURED IN BU / ACRE","TOTAL","NOT SPECIFIED","196.8","3.9"
"SURVEY","2022","YEAR","","COUNTY","IOWA","19","NORTH CENTRAL","20","MITCHELL","131","","","00000000","","CORN","CORN, GRAIN - YIELD, MEASURED IN BU / ACRE","TOTAL","NOT SPECIFIED","217.9","1.2"
"SURVEY","2022","YEAR","","COUNTY","IOWA","19","NORTH CENTRAL","20","WINNEBAGO","189","","","00000000","","CORN","CORN, GRAIN - YIELD, MEASURED IN BU / ACRE","TOTAL","NOT SPECIFIED","217.5","1.4"
"SURVEY","2022","YEAR","","COUNTY","IOWA","19","NORTH CENTRAL","20","WORTH","195","","","00000000","","CORN","CORN, GRAIN - YIELD, MEASURED IN BU / ACRE","TOTAL","NOT SPECIFIED","219.4","2.5"
"SURVEY","2022","YEAR","","COUNTY","IOWA","19","NORTH CENTRAL","20","WRIGHT","197","","","00000000","","CORN","CORN, GRAIN - YIELD, MEASURED IN BU / ACRE","TOTAL","NOT SPECIFIED","209.7","1.3"
"SURVEY","2022","YEAR","","COUNTY","IOWA","19","NORTHEAST","30","ALLAMAKEE","005","","","00000000","","CORN","CORN, GRAIN - YIELD, MEASURED IN BU / ACRE","TOTAL","NOT SPECIFIED","215.9","4.0"
"SURVEY","2022","YEAR","","COUNTY","IOWA","19","NORTHEAST","30","BLACK HAWK","013","","","00000000","","CORN","CORN, GRAIN - YIELD, MEASURED IN BU / ACRE","TOTAL","NOT SPECIFIED","202.4","1.8"
"SURVEY","2022","YEAR","","COUNTY","IOWA","19","NORTHEAST","30","BREMER","017","","","00000000","","CORN","CORN, GRAIN - YIELD, MEASURED IN BU / ACRE","TOTAL","NOT SPECIFIED","210.8","2.4"
"SURVEY","2022","YEAR","","COUNTY","IOWA","19","NORTHEAST","30","BUCHANAN","019","","","00000000","","CORN","CORN, GRAIN - YIELD, MEASURED IN BU / ACRE","TOTAL","NOT SPECIFIED","209.7","1.2"
"SURVEY","2022","YEAR","","COUNTY","IOWA","19","NORTHEAST","30","CHICKASAW","037","","","00000000","","CORN","CORN, GRAIN - YIELD, MEASURED IN BU / ACRE","TOTAL","NOT SPECIFIED","214.6","2.6"
"SURVEY","2022","YEAR","","COUNTY","IOWA","19","NORTHEAST","30","CLAYTON","043","","","00000000","","CORN","CORN, GRAIN - YIELD, MEASURED IN BU / ACRE","TOTAL","NOT SPECIFIED","215.4","1.9"
"SURVEY","2022","YEAR","","COUNTY","IOWA","19","NORTHEAST","30","DELAWARE","055","","","00000000","","CORN","CORN, GRAIN - YIELD, MEASURED IN BU / ACRE","TOTAL","NOT SPECIFIED","230.8","1.9"
"SURVEY","2022","YEAR","","COUNTY","IOWA","19","NORTHEAST","30","DUBUQUE","061","","","00000000","","CORN","CORN, GRAIN - YIELD, MEASURED IN BU / ACRE","TOTAL","NOT SPECIFIED","223.7","1.7"
"SURVEY","2022","YEAR","","COUNTY","IOWA","19","NORTHEAST","30","FAYETTE","065","","","00000000","","CORN","CORN, GRAIN - YIELD, MEASURED IN BU / ACRE","TOTAL","NOT SPECIFIED","209.8","1.8"
"SURVEY","2022","YEAR","","COUNTY","IOWA","19","NORTHEAST","30","HOWARD","089","","","00000000","","CORN","CORN, GRAIN - YIELD, MEASURED IN BU / ACRE","TOTAL","NOT SPECIFIED","217.2","1.7"
"SURVEY","2022","YEAR","","COUNTY","IOWA","19","NORTHEAST","30","WINNESHIEK","191","","","00000000","","CORN","CORN, GRAIN - YIELD, MEASURED IN BU / ACRE","TOTAL","NOT SPECIFIED","212.4","2.4"
"SURVEY","2022","YEAR","","COUNTY","IOWA","19","NORTHWEST","10","BUENA VISTA","021","","","00000000","","CORN","CORN, GRAIN - YIELD, MEASURED IN BU / ACRE","TOTAL","NOT SPECIFIED","196.9","2.3"
"SURVEY","2022","YEAR","","COUNTY","IOWA","19","NORTHWEST","10","CHEROKEE","035","","","00000000","","CORN","CORN, GRAIN - YIELD, MEASURED IN BU / ACRE","TOTAL","NOT SPECIFIED","198.7","2.6"
"SURVEY","2022","YEAR","","COUNTY","IOWA","19","NORTHWEST","10","CLAY","041","","","00000000","","CORN","CORN, GRAIN - YIELD, MEASURED IN BU / ACRE","TOTAL","NOT SPECIFIED","191.4","2.0"
"SURVEY","2022","YEAR","","COUNTY","IOWA","19","NORTHWEST","10","DICKINSON","059","","","00000000","","CORN","CORN, GRAIN - YIELD, MEASURED IN BU / ACRE","TOTAL","NOT SPECIFIED","203.4","3.3"
"SURVEY","2022","YEAR","","COUNTY","IOWA","19","NORTHWEST","10","EMMET","063","","","00000000","","CORN","CORN, GRAIN - YIELD, MEASURED IN BU / ACRE","TOTAL","NOT SPECIFIED","213.6","1.3"
"SURVEY","2022","YEAR","","COUNTY","IOWA","19","NORTHWEST","10","LYON","119","","","00000000","","CORN","CORN, GRAIN - YIELD, MEASURED IN BU / ACRE","TOTAL","NOT SPECIFIED","190.8","2.4"
"SURVEY","2022","YEAR","","COUNTY","IOWA","19","NORTHWEST","10","O BRIEN","141","","","00000000","","CORN","CORN, GRAIN - YIELD, MEASURED IN BU / ACRE","TOTAL","NOT SPECIFIED","201.1","2.0"
"SURVEY","2022","YEAR","","COUNTY","IOWA","19","NORTHWEST","10","OSCEOLA","143","","","00000000","","CORN","CORN, GRAIN - YIELD, MEASURED IN BU / ACRE","TOTAL","NOT SPECIFIED","197.5","1.9"
"SURVEY","2022","YEAR","","COUNTY","IOWA","19","NORTHWEST","10","PALO ALTO","147","","","00000000","","CORN","CORN, GRAIN - YIELD, MEASURED IN BU / ACRE","TOTAL","NOT SPECIFIED","195.8","3.6"
"SURVEY","2022","YEAR","","COUNTY","IOWA","19","NORTHWEST","10","PLYMOUTH","149","","","00000000","","CORN","CORN, GRAIN - YIELD, MEASURED IN BU / ACRE","TOTAL","NOT SPECIFIED","171.8","4.5"
"SURVEY","2022","YEAR","","COUNTY","IOWA","19","NORTHWEST","10","POCAHONTAS","151","","","00000000","","CORN","CORN, GRAIN - YIELD, MEASURED IN BU / ACRE","TOTAL","NOT SPECIFIED","198.2","1.3"
"SURVEY","2022","YEAR","","COUNTY","IOWA","19","NORTHWEST","10","SIOUX","167","","","00000000","","CORN","CORN, GRAIN - YIELD, MEASURED IN BU / ACRE","TOTAL","NOT SPECIFIED","196.6","1.9"
"SURVEY","2022","YEAR","","COUNTY","IOWA","19","SOUTH CENTRAL","80","APPANOOSE","007","","","00000000","","CORN","CORN, GRAIN - YIELD, MEASURED IN BU / ACRE","TOTAL","NOT SPECIFIED","146.1","3.9"
"SURVEY","2022","YEAR","","COUNTY","IOWA","19","SOUTH CENTRAL","80","DECATUR","053","","","00000000","","CORN","CORN, GRAIN - YIELD, MEASURED IN BU / ACRE","TOTAL","NOT SPECIFIED","148.7","3.4"
"SURVEY","2022","YEAR","","COUNTY","IOWA","19","SOUTH CENTRAL","80","LUCAS","117","","","00000000","","CORN","CORN, GRAIN - YIELD, MEASURED IN BU / ACRE","TOTAL","NOT SPECIFIED","139.5","5.5"
"SURVEY","2022","YEAR","","COUNTY","IOWA","19","SOUTH CENTRAL","80","MADISON","121","","","00000000","","CORN","CORN, GRAIN - YIELD, MEASURED IN BU / ACRE","TOTAL","NOT SPECIFIED","166.9","3.8"
"SURVEY","2022","YEAR","","COUNTY","IOWA","19","SOUTH CENTRAL","80","MARION","125","","","00000000","","CORN","CORN, GRAIN - YIELD, MEASURED IN BU / ACRE","TOTAL","NOT SPECIFIED","175.2","2.9"
"SURVEY","2022","YEAR","","COUNTY","IOWA","19","SOUTH CENTRAL","80","MONROE","135","","","00000000","","CORN","CORN, GRAIN - YIELD, MEASURED IN BU / ACRE","TOTAL","NOT SPECIFIED","145.4","4.0"
"SURVEY","2022","YEAR","","COUNTY","IOWA","19","SOUTH CENTRAL","80","RINGGOLD","159","","","00000000","","CORN","CORN, GRAIN - YIELD, MEASURED IN BU / ACRE","TOTAL","NOT SPECIFIED","151.8","6.3"
"SURVEY","2022","YEAR","","COUNTY","IOWA","19","SOUTH CENTRAL","80","UNION","175","","","00000000","","CORN","CORN, GRAIN - YIELD, MEASURED IN BU / ACRE","TOTAL","NOT SPECIFIED","149.4","5.9"
"SURVEY","2022","YEAR","","COUNTY","IOWA","19","SOUTH CENTRAL","80","WARREN","181","","","00000000","","CORN","CORN, GRAIN - YIELD, MEASURED IN BU / ACRE","TOTAL","NOT SPECIFIED","157.8","3.8"
"SURVEY","2022","YEAR","","COUNTY","IOWA","19","SOUTH CENTRAL","80","WAYNE","185","","","00000000","","CORN","CORN, GRAIN - YIELD, MEASURED IN BU / ACRE","TOTAL","NOT SPECIFIED","170.1","2.0"
"SURVEY","2022","YEAR","","COUNTY","IOWA","19","SOUTHEAST","90","DAVIS","051","","","00000000","","CORN","CORN, GRAIN - YIELD, MEASURED IN BU / ACRE","TOTAL","NOT SPECIFIED","154.9","4.4"
"SURVEY","2022","YEAR","","COUNTY","IOWA","19","SOUTHEAST","90","DES MOINES","057","","","00000000","","CORN","CORN, GRAIN - YIELD, MEASURED IN BU / ACRE","TOTAL","NOT SPECIFIED","194.8","4.2"
"SURVEY","2022","YEAR","","COUNTY","IOWA","19","SOUTHEAST","90","HENRY","087","","","00000000","","CORN","CORN, GRAIN - YIELD, MEASURED IN BU / ACRE","TOTAL","NOT SPECIFIED","167.7","3.8"
"SURVEY","2022","YEAR","","COUNTY","IOWA","19","SOUTHEAST","90","JEFFERSON","101","","","00000000","","CORN","CORN, GRAIN - YIELD, MEASURED IN BU / ACRE","TOTAL","NOT SPECIFIED","178","1.4"
"SURVEY","2022","YEAR","","COUNTY","IOWA","19","SOUTHEAST","90","KEOKUK","107","","","00000000","","CORN","CORN, GRAIN - YIELD, MEASURED IN BU / ACRE","TOTAL","NOT SPECIFIED","170.4","3.3"
"SURVEY","2022","YEAR","","COUNTY","IOWA","19","SOUTHEAST","90","LEE","111","","","00000000","","CORN","CORN, GRAIN - YIELD, MEASURED IN BU / ACRE","TOTAL","NOT SPECIFIED","178.2","3.8"
"SURVEY","2022","YEAR","","COUNTY","IOWA","19","SOUTHEAST","90","LOUISA","115","","","00000000","","CORN","CORN, GRAIN - YIELD, MEASURED IN BU / ACRE","TOTAL","NOT SPECIFIED","196.3","2.9"
"SURVEY","2022","YEAR","","COUNTY","IOWA","19","SOUTHEAST","90","MAHASKA","123","","","00000000","","CORN","CORN, GRAIN - YIELD, MEASURED IN BU / ACRE","TOTAL","NOT SPECIFIED","186.3","1.7"
"SURVEY","2022","YEAR","","COUNTY","IOWA","19","SOUTHEAST","90","VAN BUREN","177","","","00000000","","CORN","CORN, GRAIN - YIELD, MEASURED IN BU / ACRE","TOTAL","NOT SPECIFIED","151.9","4.7"
"SURVEY","2022","YEAR","","COUNTY","IOWA","19","SOUTHEAST","90","WAPELLO","179","","","00000000","","CORN","CORN, GRAIN - YIELD, MEASURED IN BU / ACRE","TOTAL","NOT SPECIFIED","170.8","2.5"
"SURVEY","2022","YEAR","","COUNTY","IOWA","19","SOUTHEAST","90","WASHINGTON","183","","","00000000","","CORN","CORN, GRAIN - YIELD, MEASURED IN BU / ACRE","TOTAL","NOT SPECIFIED","185.7","2.4"
"SURVEY","2022","YEAR","","COUNTY","IOWA","19","SOUTHWEST","70","ADAIR","001","","","00000000","","CORN","CORN, GRAIN - YIELD, MEASURED IN BU / ACRE","TOTAL","NOT SPECIFIED","164.2","3.4"
"SURVEY","2022","YEAR","","COUNTY","IOWA","19","SOUTHWEST","70","CASS","029","","","00000000","","CORN","CORN, GRAIN - YIELD, MEASURED IN BU / ACRE","TOTAL","NOT SPECIFIED","179.2","3.1"
"SURVEY","2022","YEAR","","COUNTY","IOWA","19","SOUTHWEST","70","FREMONT","071","","","00000000","","CORN","CORN, GRAIN - YIELD, MEASURED IN BU / ACRE","TOTAL","NOT SPECIFIED","191.6","2.3"
"SURVEY","2022","YEAR","","COUNTY","IOWA","19","SOUTHWEST","70","MILLS","129","","","00000000","","CORN","CORN, GRAIN - YIELD, MEASURED IN BU / ACRE","TOTAL","NOT SPECIFIED","191.1","1.6"
"SURVEY","2022","YEAR","","COUNTY","IOWA","19","SOUTHWEST","70","MONTGOMERY","137","","","00000000","","CORN","CORN, GRAIN - YIELD, MEASURED IN BU / ACRE","TOTAL","NOT SPECIFIED","187.8","1.8"
"SURVEY","2022","YEAR","","COUNTY","IOWA","19","SOUTHWEST","70","PAGE","145","","","00000000","","CORN","CORN, GRAIN - YIELD, MEASURED IN BU / ACRE","TOTAL","NOT SPECIFIED","174.5","3.6"
"SURVEY","2022","YEAR","","COUNTY","IOWA","19","SOUTHWEST","70","POTTAWATTAMIE","155","","","00000000","","CORN","CORN, GRAIN - YIELD, MEASURED IN BU / ACRE","TOTAL","NOT SPECIFIED","195","1.8"
"SURVEY","2022","YEAR","","COUNTY","IOWA","19","SOUTHWEST","70","TAYLOR","173","","","00000000","","CORN","CORN, GRAIN - YIELD, MEASURED IN BU / ACRE","TOTAL","NOT SPECIFIED","172.1","4.1"
"SURVEY","2022","YEAR","","COUNTY","IOWA","19","WEST CENTRAL","40","AUDUBON","009","","","00000000","","CORN","CORN, GRAIN - YIELD, MEASURED IN BU / ACRE","TOTAL","NOT SPECIFIED","197.9","3.1"
"SURVEY","2022","YEAR","","COUNTY","IOWA","19","WEST CENTRAL","40","CALHOUN","025","","","00000000","","CORN","CORN, GRAIN - YIELD, MEASURED IN BU / ACRE","TOTAL","NOT SPECIFIED","202.3","1.7"
"SURVEY","2022","YEAR","","COUNTY","IOWA","19","WEST CENTRAL","40","CARROLL","027","","","00000000","","CORN","CORN, GRAIN - YIELD, MEASURED IN BU / ACRE","TOTAL","NOT SPECIFIED","195.7","4.0"
"SURVEY","2022","YEAR","","COUNTY","IOWA","19","WEST CENTRAL","40","CRAWFORD","047","","","00000000","","CORN","CORN, GRAIN - YIELD, MEASURED IN BU / ACRE","TOTAL","NOT SPECIFIED","216.4","1.9"
"SURVEY","2022","YEAR","","COUNTY","IOWA","19","WEST CENTRAL","40","GREENE","073","","","00000000","","CORN","CORN, GRAIN - YIELD, MEASURED IN BU / ACRE","TOTAL","NOT SPECIFIED","197.3","1.2"
"SURVEY","2022","YEAR","","COUNTY","IOWA","19","WEST CENTRAL","40","GUTHRIE","077","","","00000000","","CORN","CORN, GRAIN - YIELD, MEASURED IN BU / ACRE","TOTAL","NOT SPECIFIED","193.6","1.6"
"SURVEY","2022","YEAR","","COUNTY","IOWA","19","WEST CENTRAL","40","HARRISON","085","","","00000000","","CORN","CORN, GRAIN - YIELD, MEASURED IN BU / ACRE","TOTAL","NOT SPECIFIED","172.4","3.2"
"SURVEY","2022","YEAR","","COUNTY","IOWA","19","WEST CENTRAL","40","IDA","093","","","00000000","","CORN","CORN, GRAIN - YIELD, MEASURED IN BU / ACRE","TOTAL","NOT SPECIFIED","221.2","2.9"
"SURVEY","2022","YEAR","","COUNTY","IOWA","19","WEST CENTRAL","40","MONONA","133","","","00000000","","CORN","CORN, GRAIN - YIELD, MEASURED IN BU / ACRE","TOTAL","NOT SPECIFIED","168.6","3.6"
"SURVEY","2022","YEAR","","COUNTY","IOWA","19","WEST CENTRAL","40","SAC","161","","","00000000","","CORN","CORN, GRAIN - YIELD, MEASURED IN BU / ACRE","TOTAL","NOT SPECIFIED","212.4","3.2"
"SURVEY","2022","YEAR","","COUNTY","IOWA","19","WEST CENTRAL","40","SHELBY","165","","","00000000","","CORN","CORN, GRAIN - YIELD, MEASURED IN BU / ACRE","TOTAL","NOT SPECIFIED","209","0.9"
"SURVEY","2022","YEAR","","COUNTY","IOWA","19","WEST CENTRAL","40","WOODBURY","193","","","00000000","","CORN","CORN, GRAIN - YIELD, MEASURED IN BU / ACRE","TOTAL","NOT SPECIFIED","200.2","1.9"
"SURVEY","2021","YEAR","","COUNTY","IOWA","19","","99","OTHER COUNTIES","","","","00000000","","CORN","CORN, GRAIN - YIELD, MEASURED IN BU / ACRE","TOTAL","NOT SPECIFIED","203.8","0.7"
"SURVEY","2021","YEAR","","COUNTY","IOWA","19","CENTRAL","50","BOONE","015","","","00000000","","CORN","CORN, GRAIN - YIELD, MEASURED IN BU / ACRE","TOTAL","NOT SPECIFIED","208.4","2.3"
"SURVEY","2021","YEAR","","COUNTY","IOWA","19","CENTRAL","50","DALLAS","049","","","00000000","","CORN","CORN, GRAIN - YIELD, MEASURED IN BU / ACRE","TOTAL","NOT SPECIFIED","209.9","2.2"
"SURVEY","2021","YEAR","","COUNTY","IOWA","19","CENTRAL","50","GRUNDY","075","","","00000000","","CORN","CORN, GRAIN - YIELD, MEASURED IN BU / ACRE","TOTAL","NOT SPECIFIED","209.4","2.5"
"SURVEY","2021","YEAR","","COUNTY","IOWA","19","CENTRAL","50","HARDIN","083","","","00000000","","CORN","CORN, GRAIN - YIELD, MEASURED IN BU / ACRE","TOTAL","NOT SPECIFIED","193.2","1.6"
"SURVEY","2021","YEAR","","COUNTY","IOWA","19","CENTRAL","50","JASPER","099","","","00000000","","CORN","CORN, GRAIN - YIELD, MEASURED IN BU / ACRE","TOTAL","NOT SPECIFIED","221.7","2.0"
"SURVEY","2021","YEAR","","COUNTY","IOWA","19","CENTRAL","50","MARSHALL","127","","","00000000","","CORN","CORN, GRAIN - YIELD, MEASURED IN BU / ACRE","TOTAL","NOT SPECIFIED","211.5","3.1"
"SURVEY","2021","YEAR","","COUNTY","IOWA","19","CENTRAL","50","POLK","153","","","00000000","","CORN","CORN, GRAIN - YIELD, MEASURED IN BU / ACRE","TOTAL","NOT SPECIFIED","217.5","2.7"
"SURVEY","2021","YEAR","","COUNTY","IOWA","19","CENTRAL","50","POWESHIEK","157","","","00000000","","CORN","CORN, GRAIN - YIELD, MEASURED IN BU / ACRE","TOTAL","NOT SPECIFIED","201","2.8"
"SURVEY","2021","YEAR","","COUNTY","IOWA","19","CENTRAL","50","STORY","169","","","00000000","","CORN","CORN, GRAIN - YIELD, MEASURED IN BU / ACRE","TOTAL","NOT SPECIFIED","201.2","1.9"
"SURVEY","2021","YEAR","","COUNTY","IOWA","19","CENTRAL","50","TAMA","171","","","00000000","","CORN","CORN, GRAIN - YIELD, MEASURED IN BU / ACRE","TOTAL","NOT SPECIFIED","213.9","2.3"
"SURVEY","2021","YEAR","","COUNTY","IOWA","19","CENTRAL","50","WEBSTER","187","","","00000000","","CORN","CORN, GRAIN - YIELD, MEASURED IN BU / ACRE","TOTAL","NOT SPECIFIED","216.2","1.3"
"SURVEY","2021","YEAR","","COUNTY","IOWA","19","EAST CENTRAL","60","BENTON","011","","","00000000","","CORN","CORN, GRAIN - YIELD, MEASURED IN BU / ACRE","TOTAL","NOT SPECIFIED","211.7","4.3"
"SURVEY","2021","YEAR","","COUNTY","IOWA","19","EAST CENTRAL","60","CEDAR","031","","","00000000","","CORN","CORN, GRAIN - YIELD, MEASURED IN BU / ACRE","TOTAL","NOT SPECIFIED","207.1","2.6"
"SURVEY","2021","YEAR","","COUNTY","IOWA","19","EAST CENTRAL","60","CLINTON","045","","","00000000","","CORN","CORN, GRAIN - YIELD, MEASURED IN BU / ACRE","TOTAL","NOT SPECIFIED","206.5","2.0"
"SURVEY","2021","YEAR","","COUNTY","IOWA","19","EAST CENTRAL","60","JACKSON","097","","","00000000","","CORN","CORN, GRAIN - YIELD, MEASURED IN BU / ACRE","TOTAL","NOT SPECIFIED","191.2","2.4"
"SURVEY","2021","YEAR","","COUNTY","IOWA","19","EAST CENTRAL","60","MUSCATINE","139","","","00000000","","CORN","CORN, GRAIN - YIELD, MEASURED IN BU / ACRE","TOTAL","NOT SPECIFIED","204.5","2.5"
"SURVEY","2021","YEAR","","COUNTY","IOWA","19","EAST CENTRAL","60","SCOTT","163","","","00000000","","CORN","CORN, GRAIN - YIELD, MEASURED IN BU / ACRE","TOTAL","NOT SPECIFIED","206.8","1.2"
"SURVEY","2021","YEAR","","COUNTY","IOWA","19","NORTH CENTRAL","20","BUTLER","023","","","00000000","","CORN","CORN, GRAIN - YIELD, MEASURED IN BU / ACRE","TOTAL","NOT SPECIFIED","204.5","3.1"
"SURVEY","2021","YEAR","","COUNTY","IOWA","19","NORTH CENTRAL","20","CERRO GORDO","033","","","00000000","","CORN","CORN, GRAIN - YIELD, MEASURED IN BU / ACRE","TOTAL","NOT SPECIFIED","200","3.1"
"SURVEY","2021","YEAR","","COUNTY","IOWA","19","NORTH CENTRAL","20","FLOYD","067","","","00000000","","CORN","CORN, GRAIN - YIELD, MEASURED IN BU / ACRE","TOTAL","NOT SPECIFIED","204.4","1.6"
"SURVEY","2021","YEAR","","COUNTY","IOWA","19","NORTH CENTRAL","20","FRANKLIN","069","","","00000000","","CORN","CORN, GRAIN - YIELD, MEASURED IN BU / ACRE","TOTAL","NOT SPECIFIED","198.9","1.9"
"SURVEY","2021","YEAR","","COUNTY","IOWA","19","NORTH CENTRAL","20","HANCOCK","081","","","00000000","","CORN","CORN, GRAIN - YIELD, MEASURED IN BU / ACRE","TOTAL","NOT SPECIFIED","209.8","1.4"
"SURVEY","2021","YEAR","","COUNTY","IOWA","19","NORTH CENTRAL","20","HUMBOLDT","091","","","00000000","","CORN","CORN, GRAIN - YIELD, MEASURED IN BU / ACRE","TOTAL","NOT SPECIFIED","205.4","1.9"
"SURVEY","2021","YEAR","","COUNTY","IOWA","19","NORTH CENTRAL","20","KOSSUTH","109","","","00000000","","CORN","CORN, GRAIN - YIELD, MEASURED IN BU / ACRE","TOTAL","NOT SPECIFIED","190.7","2.0"
"SURVEY","2021","YEAR","","COUNTY","IOWA","19","NORTH CENTRAL","20","MITCHELL","131","","","00000000","","CORN","CORN, GRAIN - YIELD, MEASURED IN BU / ACRE","TOTAL","NOT SPECIFIED","203.3","2.6"
"SURVEY","2021","YEAR","","COUNTY","IOWA","19","NORTH CENTRAL","20","WINNEBAGO","189","","","00000000","","CORN","CORN, GRAIN - YIELD, MEASURED IN BU / ACRE","TOTAL","NOT SPECIFIED","197.6","1.4"
"SURVEY","2021","YEAR","","COUNTY","IOWA","19","NORTH CENTRAL","20","WORTH","195","","","00000000","","CORN","CORN, GRAIN - YIELD, MEASURED IN BU / ACRE","TOTAL","NOT SPECIFIED","207.4","2.5"
"SURVEY","2021","YEAR","","COUNTY","IOWA","19","NORTH CENTRAL","20","WRIGHT","197","","","00000000","","CORN","CORN, GRAIN - YIELD, MEASURED IN BU / ACRE","TOTAL","NOT SPECIFIED","192.2","2.3"
"SURVEY","2021","YEAR","","COUNTY","IOWA","19","NORTHEAST","30","ALLAMAKEE","005","","","00000000","","CORN","CORN, GRAIN - YIELD, MEASURED IN BU / ACRE","TOTAL","NOT SPECIFIED","198.5","2.7"
"SURVEY","2021","YEAR","","COUNTY","IOWA","19","NORTHEAST","30","BLACK HAWK","013","","","00000000","","CORN","CORN, GRAIN - YIELD, MEASURED IN BU / ACRE","TOTAL","NOT SPECIFIED","193.6","1.7"
"SURVEY","2021","YEAR","","COUNTY","IOWA","19","NORTHEAST","30","BREMER","017","","","00000000","","CORN","CORN, GRAIN - YIELD, MEASURED IN BU / ACRE","TOTAL","NOT SPECIFIED","200.1","2.1"
"SURVEY","2021","YEAR","","COUNTY","IOWA","19","NORTHEAST","30","BUCHANAN","019","","","00000000","","CORN","CORN, GRAIN - YIELD, MEASURED IN BU / ACRE","TOTAL","NOT SPECIFIED","209","1.8"
"SURVEY","2021","YEAR","","COUNTY","IOWA","19","NORTHEAST","30","CHICKASAW","037","","","00000000","","CORN","CORN, GRAIN - YIELD, MEASURED IN BU / ACRE","TOTAL","NOT SPECIFIED","208.2","1.3"
"SURVEY","2021","YEAR","","COUNTY","IOWA","19","NORTHEAST","30","CLAYTON","043","","","00000000","","CORN","CORN, GRAIN - YIELD, MEASURED IN BU / ACRE","TOTAL","NOT SPECIFIED","195.3","3.4"
"SURVEY","2021","YEAR","","COUNTY","IOWA","19","NORTHEAST","30","DELAWARE","055","","","00000000","","CORN","CORN, GRAIN - YIELD, MEASURED IN BU / ACRE","TOTAL","NOT SPECIFIED","218","0.8"
"SURVEY","2021","YEAR","","COUNTY","IOWA","19","NORTHEAST","30","DUBUQUE","061","","","00000000","","CORN","CORN, GRAIN - YIELD, MEASURED IN BU / ACRE","TOTAL","NOT SPECIFIED","217.2","1.5"
"SURVEY","2021","YEAR","","COUNTY","IOWA","19","NORTHEAST","30","FAYETTE","065","","","00000000","","CORN","CORN, GRAIN - YIELD, MEASURED IN BU / ACRE","TOTAL","NOT SPECIFIED","205.6","1.8"
"SURVEY","2021","YEAR","","COUNTY","IOWA","19","NORTHEAST","30","HOWARD","089","","","00000000","","CORN","CORN, GRAIN - YIELD, MEASURED IN BU / ACRE","TOTAL","NOT SPECIFIED","207.3","1.5"
"SURVEY","2021","YEAR","","COUNTY","IOWA","19","NORTHEAST","30","WINNESHIEK","191","","","00000000","","CORN","CORN, GRAIN - YIELD, MEASURED IN BU / ACRE","TOTAL","NOT SPECIFIED","199.3","1.7"
"SURVEY","2021","YEAR","","COUNTY","IOWA","19","NORTHWEST","10","BUENA VISTA","021","","","00000000","","CORN","CORN, GRAIN - YIELD, MEASURED IN BU / ACRE","TOTAL","NOT SPECIFIED","203.9","1.8"
"SURVEY","2021","YEAR","","COUNTY","IOWA","19","NORTHWEST","10","CLAY","041","","","00000000","","CORN","CORN, GRAIN - YIELD, MEASURED IN BU / ACRE","TOTAL","NOT SPECIFIED","203.3","2.0"
"SURVEY","2021","YEAR","","COUNTY","IOWA","19","NORTHWEST","10","DICKINSON","059","","","00000000","","CORN","CORN, GRAIN - YIELD, MEASURED IN BU / ACRE","TOTAL","NOT SPECIFIED","177.7","1.6"
"SURVEY","2021","YEAR","","COUNTY","IOWA","19","NORTHWEST","10","EMMET","063","","","00000000","","CORN","CORN, GRAIN - YIELD, MEASURED IN BU / ACRE","TOTAL","NOT SPECIFIED","182.5","1.4"
"SURVEY","2021","YEAR","","COUNTY","IOWA","19","NORTHWEST","10","LYON","119","","","00000000","","CORN","CORN, GRAIN - YIELD, MEASURED IN BU / ACRE","TOTAL","NOT SPECIFIED","216.7","1.9"
"SURVEY","2021","YEAR","","COUNTY","IOWA","19","NORTHWEST","10","O BRIEN","141","","","00000000","","CORN","CORN, GRAIN - YIELD, MEASURED IN BU / ACRE","TOTAL","NOT SPECIFIED","213.5","1.8"
"SURVEY","2021","YEAR","","COUNTY","IOWA","19","NORTHWEST","10","OSCEOLA","143","","","00000000","","CORN","CORN, GRAIN - YIELD, MEASURED IN BU / ACRE","TOTAL","NOT SPECIFIED","208","1.5"
"SURVEY","2021","YEAR","","COUNTY","IOWA","19","NORTHWEST","10","PALO ALTO","147","","","00000000","","CORN","CORN, GRAIN - YIELD, MEASURED IN BU / ACRE","TOTAL","NOT SPECIFIED","190.1","2.3"
"SURVEY","2021","YEAR","","COUNTY","IOWA","19","NORTHWEST","10","PLYMOUTH","149","","","00000000","","CORN","CORN, GRAIN - YIELD, MEASURED IN BU / ACRE","TOTAL","NOT SPECIFIED","190.9","3.4"
"SURVEY","2021","YEAR","","COUNTY","IOWA","19","NORTHWEST","10","POCAHONTAS","151","","","00000000","","CORN","CORN, GRAIN - YIELD, MEASURED IN BU / ACRE","TOTAL","NOT SPECIFIED","213.9","1.2"
"SURVEY","2021","YEAR","","COUNTY","IOWA","19","NORTHWEST","10","SIOUX","167","","","00000000","","CORN","CORN, GRAIN - YIELD, MEASURED IN BU / ACRE","TOTAL","NOT SPECIFIED","220.6","1.9"
"SURVEY","2021","YEAR","","COUNTY","IOWA","19","SOUTH CENTRAL","80","APPANOOSE","007","","","00000000","","CORN","CORN, GRAIN - YIELD, MEASURED IN BU / ACRE","TOTAL","NOT SPECIFIED","171.6","2.5"
"SURVEY","2021","YEAR","","COUNTY","IOWA","19","SOUTH CENTRAL","80","LUCAS","117","","","00000000","","CORN","CORN, GRAIN - YIELD, MEASURED IN BU / ACRE","TOTAL","NOT SPECIFIED","166.1","2.5"
"SURVEY","2021","YEAR","","COUNTY","IOWA","19","SOUTH CENTRAL","80","MADISON","121","","","00000000","","CORN","CORN, GRAIN - YIELD, MEASURED IN BU / ACRE","TOTAL","NOT SPECIFIED","195.6","2.9"
"SURVEY","2021","YEAR","","COUNTY","IOWA","19","SOUTH CENTRAL","80","MARION","125","","","00000000","","CORN","CORN, GRAIN - YIELD, MEASURED IN BU / ACRE","TOTAL","NOT SPECIFIED","199.1","2.3"
"SURVEY","2021","YEAR","","COUNTY","IOWA","19","SOUTH CENTRAL","80","MONROE","135","","","00000000","","CORN","CORN, GRAIN - YIELD, MEASURED IN BU / ACRE","TOTAL","NOT SPECIFIED","166.1","5.0"
"SURVEY","2021","YEAR","","COUNTY","IOWA","19","SOUTH CENTRAL","80","RINGGOLD","159","","","00000000","","CORN","CORN, GRAIN - YIELD, MEASURED IN BU / ACRE","TOTAL","NOT SPECIFIED","175.8","1.4"
"SURVEY","2021","YEAR","","COUNTY","IOWA","19","SOUTH CENTRAL","80","UNION","175","","","00000000","","CORN","CORN, GRAIN - YIELD, MEASURED IN BU / ACRE","TOTAL","NOT SPECIFIED","185.2","3.2"
"SURVEY","2021","YEAR","","COUNTY","IOWA","19","SOUTH CENTRAL","80","WAYNE","185","","","00000000","","CORN","CORN, GRAIN - YIELD, MEASURED IN BU / ACRE","TOTAL","NOT SPECIFIED","177","2.8"
"SURVEY","2021","YEAR","","COUNTY","IOWA","19","SOUTHEAST","90","DAVIS","051","","","00000000","","CORN","CORN, GRAIN - YIELD, MEASURED IN BU / ACRE","TOTAL","NOT SPECIFIED","152.5","5.7"
"SURVEY","2021","YEAR","","COUNTY","IOWA","19","SOUTHEAST","90","HENRY","087","","","00000000","","CORN","CORN, GRAIN - YIELD, MEASURED IN BU / ACRE","TOTAL","NOT SPECIFIED","167.7","4.3"
"SURVEY","2021","YEAR","","COUNTY","IOWA","19","SOUTHEAST","90","JEFFERSON","101","","","00000000","","CORN","CORN, GRAIN - YIELD, MEASURED IN BU / ACRE","TOTAL","NOT SPECIFIED","163.3","4.4"
"SURVEY","2021","YEAR","","COUNTY","IOWA","19","SOUTHEAST","90","KEOKUK","107","","","00000000","","CORN","CORN, GRAIN - YIELD, MEASURED IN BU / ACRE","TOTAL","NOT SPECIFIED","176.5","2.2"
"SURVEY","2021","YEAR","","COUNTY","IOWA","19","SOUTHEAST","90","LEE","111","","","00000000","","CORN","CORN, GRAIN - YIELD, MEASURED IN BU / ACRE","TOTAL","NOT SPECIFIED","160.4","5.5"
"SURVEY","2021","YEAR","","COUNTY","IOWA","19","SOUTHEAST","90","LOUISA","115","","","00000000","","CORN","CORN, GRAIN - YIELD, MEASURED IN BU / ACRE","TOTAL","NOT SPECIFIED","189.5","3.7"
"SURVEY","2021","YEAR","","COUNTY","IOWA","19","SOUTHEAST","90","MAHASKA","123","","","00000000","","CORN","CORN, GRAIN - YIELD, MEASURED IN BU / ACRE","TOTAL","NOT SPECIFIED","200.5","2.0"
"SURVEY","2021","YEAR","","COUNTY","IOWA","19","SOUTHEAST","90","VAN BUREN","177","","","00000000","","CORN","CORN, GRAIN - YIELD, MEASURED IN BU / ACRE","TOTAL","NOT SPECIFIED","162.5","6.1"
"SURVEY","2021","YEAR","","COUNTY","IOWA","19","SOUTHEAST","90","WAPELLO","179","","","00000000","","CORN","CORN, GRAIN - YIELD, MEASURED IN BU / ACRE","TOTAL","NOT SPECIFIED","178","1.9"
"SURVEY","2021","YEAR","","COUNTY","IOWA","19","SOUTHWEST","70","CASS","029","","","00000000","","CORN","CORN, GRAIN - YIELD, MEASURED IN BU / ACRE","TOTAL","NOT SPECIFIED","212.4","2.8"
"SURVEY","2021","YEAR","","COUNTY","IOWA","19","SOUTHWEST","70","FREMONT","071","","","00000000","","CORN","CORN, GRAIN - YIELD, MEASURED IN BU / ACRE","TOTAL","NOT SPECIFIED","206.7","2.9"
"SURVEY","2021","YEAR","","COUNTY","IOWA","19","SOUTHWEST","70","MILLS","129","","","00000000","","CORN","CORN, GRAIN - YIELD, MEASURED IN BU / ACRE","TOTAL","NOT SPECIFIED","209.8","1.9"
"SURVEY","2021","YEAR","","COUNTY","IOWA","19","SOUTHWEST","70","MONTGOMERY","137","","","00000000","","CORN","CORN, GRAIN - YIELD, MEASURED IN BU / ACRE","TOTAL","NOT SPECIFIED","204.9","3.4"
"SURVEY","2021","YEAR","","COUNTY","IOWA","19","SOUTHWEST","70","PAGE","145","","","00000000","","CORN","CORN, GRAIN - YIELD, MEASURED IN BU / ACRE","TOTAL","NOT SPECIFIED","206.9","2.3"
"SURVEY","2021","YEAR","","COUNTY","IOWA","19","SOUTHWEST","70","POTTAWATTAMIE","155","","","00000000","","CORN","CORN, GRAIN - YIELD, MEASURED IN BU / ACRE","TOTAL","NOT SPECIFIED","216.3","2.7"
"SURVEY","2021","YEAR","","COUNTY","IOWA","19","SOUTHWEST","70","TAYLOR","173","","","00000000","","CORN","CORN, GRAIN - YIELD, MEASURED IN BU / ACRE","TOTAL","NOT SPECIFIED","192","3.1"
"SURVEY","2021","YEAR","","COUNTY","IOWA","19","WEST CENTRAL","40","AUDUBON","009","","","00000000","","CORN","CORN, GRAIN - YIELD, MEASURED IN BU / ACRE","TOTAL","NOT SPECIFIED","216","1.7"
"SURVEY","2021","YEAR","","COUNTY","IOWA","19","WEST CENTRAL","40","CALHOUN","025","","","00000000","","CORN","CORN, GRAIN - YIELD, MEASURED IN BU / ACRE","TOTAL","NOT SPECIFIED","217.8","2.1"
"SURVEY","2021","YEAR","","COUNTY","IOWA","19","WEST CENTRAL","40","CARROLL","027","","","00000000","","CORN","CORN, GRAIN - YIELD, MEASURED IN BU / ACRE","TOTAL","NOT SPECIFIED","218.3","1.6"
"SURVEY","2021","YEAR","","COUNTY","IOWA","19","WEST CENTRAL","40","CRAWFORD","047","","","00000000","","CORN","CORN, GRAIN - YIELD, MEASURED IN BU / ACRE","TOTAL","NOT SPECIFIED","218.5","2.7"
"SURVEY","2021","YEAR","","COUNTY","IOWA","19","WEST CENTRAL","40","GREENE","073","","","00000000","","CORN","CORN, GRAIN - YIELD, MEASURED IN BU / ACRE","TOTAL","NOT SPECIFIED","220.5","2.3"
"SURVEY","2021","YEAR","","COUNTY","IOWA","19","WEST CENTRAL","40","GUTHRIE","077","","","00000000","","CORN","CORN, GRAIN - YIELD, MEASURED IN BU / ACRE","TOTAL","NOT SPECIFIED","220","2.4"
"SURVEY","2021","YEAR","","COUNTY","IOWA","19","WEST CENTRAL","40","IDA","093","","","00000000","","CORN","CORN, GRAIN - YIELD, MEASURED IN BU / ACRE","TOTAL","NOT SPECIFIED","226.8","2.1"
"SURVEY","2021","YEAR","","COUNTY","IOWA","19","WEST CENTRAL","40","MONONA","133","","","00000000","","CORN","CORN, GRAIN - YIELD, MEASURED IN BU / ACRE","TOTAL","NOT SPECIFIED","197.7","3.7"
"SURVEY","2021","YEAR","","COUNTY","IOWA","19","WEST CENTRAL","40","SAC","161","","","00000000","","CORN","CORN, GRAIN - YIELD, MEASURED IN BU / ACRE","TOTAL","NOT SPECIFIED","231","2.0"
"SURVEY","2021","YEAR","","COUNTY","IOWA","19","WEST CENTRAL","40","WOODBURY","193","","","00000000","","CORN","CORN, GRAIN - YIELD, MEASURED IN BU / ACRE","TOTAL","NOT SPECIFIED","206.7","1.1"
"SURVEY","2020","YEAR","","COUNTY","IOWA","19","","99","OTHER COUNTIES","","","","00000000","","CORN","CORN, GRAIN - YIELD, MEASURED IN BU / ACRE","TOTAL","NOT SPECIFIED","175.4","1.7"
"SURVEY","2020","YEAR","","COUNTY","IOWA","19","CENTRAL","50","BOONE","015","","","00000000","","CORN","CORN, GRAIN - YIELD, MEASURED IN BU / ACRE","TOTAL","NOT SPECIFIED","160.7","3.5"
"SURVEY","2020","YEAR","","COUNTY","IOWA","19","CENTRAL","50","DALLAS","049","","","00000000","","CORN","CORN, GRAIN - YIELD, MEASURED IN BU / ACRE","TOTAL","NOT SPECIFIED","139.7","4.6"
"SURVEY","2020","YEAR","","COUNTY","IOWA","19","CENTRAL","50","GRUNDY","075","","","00000000","","CORN","CORN, GRAIN - YIELD, MEASURED IN BU / ACRE","TOTAL","NOT SPECIFIED","182.7","2.8"
"SURVEY","2020","YEAR","","COUNTY","IOWA","19","CENTRAL","50","HAMILTON","079","","","00000000","","CORN","CORN, GRAIN - YIELD, MEASURED IN BU / ACRE","TOTAL","NOT SPECIFIED","166.2","3.8"
"SURVEY","2020","YEAR","","COUNTY","IOWA","19","CENTRAL","50","HARDIN","083","","","00000000","","CORN","CORN, GRAIN - YIELD, MEASURED IN BU / ACRE","TOTAL","NOT SPECIFIED","155.7","4.4"
"SURVEY","2020","YEAR","","COUNTY","IOWA","19","CENTRAL","50","POLK","153","","","00000000","","CORN","CORN, GRAIN - YIELD, MEASURED IN BU / ACRE","TOTAL","NOT SPECIFIED","150.2","3.7"
"SURVEY","2020","YEAR","","COUNTY","IOWA","19","CENTRAL","50","POWESHIEK","157","","","00000000","","CORN","CORN, GRAIN - YIELD, MEASURED IN BU / ACRE","TOTAL","NOT SPECIFIED","138.2","4.6"
"SURVEY","2020","YEAR","","COUNTY","IOWA","19","CENTRAL","50","STORY","169","","","00000000","","CORN","CORN, GRAIN - YIELD, MEASURED IN BU / ACRE","TOTAL","NOT SPECIFIED","148.4","2.6"
"SURVEY","2020","YEAR","","COUNTY","IOWA","19","CENTRAL","50","TAMA","171","","","00000000","","CORN","CORN, GRAIN - YIELD, MEASURED IN BU / ACRE","TOTAL","NOT SPECIFIED","132.7","4.9"
"SURVEY","2020","YEAR","","COUNTY","IOWA","19","CENTRAL","50","WEBSTER","187","","","00000000","","CORN","CORN, GRAIN - YIELD, MEASURED IN BU / ACRE","TOTAL","NOT SPECIFIED","173.1","2.5"
"SURVEY","2020","YEAR","","COUNTY","IOWA","19","EAST CENTRAL","60","BENTON","011","","","00000000","","CORN","CORN, GRAIN - YIELD, MEASURED IN BU / ACRE","TOTAL","NOT SPECIFIED","144.8","5.9"
"SURVEY","2020","YEAR","","COUNTY","IOWA","19","EAST CENTRAL","60","CEDAR","031","","","00000000","","CORN","CORN, GRAIN - YIELD, MEASURED IN BU / ACRE","TOTAL","NOT SPECIFIED","153.3","2.3"
"SURVEY","2020","YEAR","","COUNTY","IOWA","19","EAST CENTRAL","60","CLINTON","045","","","00000000","","CORN","CORN, GRAIN - YIELD, MEASURED IN BU / ACRE","TOTAL","NOT SPECIFIED","178.4","2.9"
"SURVEY","2020","YEAR","","COUNTY","IOWA","19","EAST CENTRAL","60","IOWA","095","","","00000000","","CORN","CORN, GRAIN - YIELD, MEASURED IN BU / ACRE","TOTAL","NOT SPECIFIED","151.1","5.3"
"SURVEY","2020","YEAR","","COUNTY","IOWA","19","EAST CENTRAL","60","JACKSON","097","","","00000000","","CORN","CORN, GRAIN - YIELD, MEASURED IN BU / ACRE","TOTAL","NOT SPECIFIED","185.6","2.5"
"SURVEY","2020","YEAR","","COUNTY","IOWA","19","EAST CENTRAL","60","JOHNSON","103","","","00000000","","CORN","CORN, GRAIN - YIELD, MEASURED IN BU / ACRE","TOTAL","NOT SPECIFIED","161.8","4.3"
"SURVEY","2020","YEAR","","COUNTY","IOWA","19","EAST CENTRAL","60","JONES","105","","","00000000","","CORN","CORN, GRAIN - YIELD, MEASURED IN BU / ACRE","TOTAL","NOT SPECIFIED","171.6","1.8"
"SURVEY","2020","YEAR","","COUNTY","IOWA","19","EAST CENTRAL","60","LINN","113","","","00000000","","CORN","CORN, GRAIN - YIELD, MEASURED IN BU / ACRE","TOTAL","NOT SPECIFIED","164.9","3.9"
"SURVEY","2020","YEAR","","COUNTY","IOWA","19","EAST CENTRAL","60","MUSCATINE","139","","","00000000","","CORN","CORN, GRAIN - YIELD, MEASURED IN BU / ACRE","TOTAL","NOT SPECIFIED","172.8","3.8"
"SURVEY","2020","YEAR","","COUNTY","IOWA","19","EAST CENTRAL","60","SCOTT","163","","","00000000","","CORN","CORN, GRAIN - YIELD, MEASURED IN BU / ACRE","TOTAL","NOT SPECIFIED","181.3","1.6"
"SURVEY","2020","YEAR","","COUNTY","IOWA","19","NORTH CENTRAL","20","BUTLER","023","","","00000000","","CORN","CORN, GRAIN - YIELD, MEASURED IN BU / ACRE","TOTAL","NOT SPECIFIED","192.8","2.9"
"SURVEY","2020","YEAR","","COUNTY","IOWA","19","NORTH CENTRAL","20","CERRO GORDO","033","","","00000000","","CORN","CORN, GRAIN - YIELD, MEASURED IN BU / ACRE","TOTAL","NOT SPECIFIED","182.5","2.7"
"SURVEY","2020","YEAR","","COUNTY","IOWA","19","NORTH CENTRAL","20","FLOYD","067","","","00000000","","CORN","CORN, GRAIN - YIELD, MEASURED IN BU / ACRE","TOTAL","NOT SPECIFIED","187.4","1.8"
"SURVEY","2020","YEAR","","COUNTY","IOWA","19","NORTH CENTRAL","20","FRANKLIN","069","","","00000000","","CORN","CORN, GRAIN - YIELD, MEASURED IN BU / ACRE","TOTAL","NOT SPECIFIED","180.1","1.7"
"SURVEY","2020","YEAR","","COUNTY","IOWA","19","NORTH CENTRAL","20","HANCOCK","081","","","00000000","","CORN","CORN, GRAIN - YIELD, MEASURED IN BU / ACRE","TOTAL","NOT SPECIFIED","200","1.3"
"SURVEY","2020","YEAR","","COUNTY","IOWA","19","NORTH CENTRAL","20","HUMBOLDT","091","","","00000000","","CORN","CORN, GRAIN - YIELD, MEASURED IN BU / ACRE","TOTAL","NOT SPECIFIED","188.4","2.8"
"SURVEY","2020","YEAR","","COUNTY","IOWA","19","NORTH CENTRAL","20","KOSSUTH","109","","","00000000","","CORN","CORN, GRAIN - YIELD, MEASURED IN BU / ACRE","TOTAL","NOT SPECIFIED","190.7","1.7"
"SURVEY","2020","YEAR","","COUNTY","IOWA","19","NORTH CENTRAL","20","MITCHELL","131","","","00000000","","CORN","CORN, GRAIN - YIELD, MEASURED IN BU / ACRE","TOTAL","NOT SPECIFIED","203.3","1.8"
"SURVEY","2020","YEAR","","COUNTY","IOWA","19","NORTH CENTRAL","20","WINNEBAGO","189","","","00000000","","CORN","CORN, GRAIN - YIELD, MEASURED IN BU / ACRE","TOTAL","NOT SPECIFIED","207.1","1.3"
"SURVEY","2020","YEAR","","COUNTY","IOWA","19","NORTH CENTRAL","20","WORTH","195","","","00000000","","CORN","CORN, GRAIN - YIELD, MEASURED IN BU / ACRE","TOTAL","NOT SPECIFIED","205.7","2.4"
"SURVEY","2020","YEAR","","COUNTY","IOWA","19","NORTH CENTRAL","20","WRIGHT","197","","","00000000","","CORN","CORN, GRAIN - YIELD, MEASURED IN BU / ACRE","TOTAL","NOT SPECIFIED","186","1.7"
"SURVEY","2020","YEAR","","COUNTY","IOWA","19","NORTHEAST","30","ALLAMAKEE","005","","","00000000","","CORN","CORN, GRAIN - YIELD, MEASURED IN BU / ACRE","TOTAL","NOT SPECIFIED","196.3","3.3"
"SURVEY","2020","YEAR","","COUNTY","IOWA","19","NORTHEAST","30","BLACK HAWK","013","","","00000000","","CORN","CORN, GRAIN - YIELD, MEASURED IN BU / ACRE","TOTAL","NOT SPECIFIED","169.8","2.3"
"SURVEY","2020","YEAR","","COUNTY","IOWA","19","NORTHEAST","30","BREMER","017","","","00000000","","CORN","CORN, GRAIN - YIELD, MEASURED IN BU / ACRE","TOTAL","NOT SPECIFIED","187.6","1.2"
"SURVEY","2020","YEAR","","COUNTY","IOWA","19","NORTHEAST","30","BUCHANAN","019","","","00000000","","CORN","CORN, GRAIN - YIELD, MEASURED IN BU / ACRE","TOTAL","NOT SPECIFIED","188.3","1.0"
"SURVEY","2020","YEAR","","COUNTY","IOWA","19","NORTHEAST","30","CHICKASAW","037","","","00000000","","CORN","CORN, GRAIN - YIELD, MEASURED IN BU / ACRE","TOTAL","NOT SPECIFIED","185.7","1.9"
"SURVEY","2020","YEAR","","COUNTY","IOWA","19","NORTHEAST","30","CLAYTON","043","","","00000000","","CORN","CORN, GRAIN - YIELD, MEASURED IN BU / ACRE","TOTAL","NOT SPECIFIED","191.1","3.6"
"SURVEY","2020","YEAR","","COUNTY","IOWA","19","NORTHEAST","30","DELAWARE","055","","","00000000","","CORN","CORN, GRAIN - YIELD, MEASURED IN BU / ACRE","TOTAL","NOT SPECIFIED","190.4","2.2"
"SURVEY","2020","YEAR","","COUNTY","IOWA","19","NORTHEAST","30","DUBUQUE","061","","","00000000","","CORN","CORN, GRAIN - YIELD, MEASURED IN BU / ACRE","TOTAL","NOT SPECIFIED","197.1","3.0"
"SURVEY","2020","YEAR","","COUNTY","IOWA","19","NORTHEAST","30","FAYETTE","065","","","00000000","","CORN","CORN, GRAIN - YIELD, MEASURED IN BU / ACRE","TOTAL","NOT SPECIFIED","180.1","1.1"
"SURVEY","2020","YEAR","","COUNTY","IOWA","19","NORTHEAST","30","HOWARD","089","","","00000000","","CORN","CORN, GRAIN - YIELD, MEASURED IN BU / ACRE","TOTAL","NOT SPECIFIED","188.6","1.4"
"SURVEY","2020","YEAR","","COUNTY","IOWA","19","NORTHEAST","30","WINNESHIEK","191","","","00000000","","CORN","CORN, GRAIN - YIELD, MEASURED IN BU / ACRE","TOTAL","NOT SPECIFIED","178.2","1.2"
"SURVEY","2020","YEAR","","COUNTY","IOWA","19","NORTHWEST","10","BUENA VISTA","021","","","00000000","","CORN","CORN, GRAIN - YIELD, MEASURED IN BU / ACRE","TOTAL","NOT SPECIFIED","183.9","2.9"
"SURVEY","2020","YEAR","","COUNTY","IOWA","19","NORTHWEST","10","CHEROKEE","035","","","00000000","","CORN","CORN, GRAIN - YIELD, MEASURED IN BU / ACRE","TOTAL","NOT SPECIFIED","185.7","2.1"
"SURVEY","2020","YEAR","","COUNTY","IOWA","19","NORTHWEST","10","CLAY","041","","","00000000","","CORN","CORN, GRAIN - YIELD, MEASURED IN BU / ACRE","TOTAL","NOT SPECIFIED","168.1","3.4"
"SURVEY","2020","YEAR","","COUNTY","IOWA","19","NORTHWEST","10","DICKINSON","059","","","00000000","","CORN","CORN, GRAIN - YIELD, MEASURED IN BU / ACRE","TOTAL","NOT SPECIFIED","182.2","1.4"
"SURVEY","2020","YEAR","","COUNTY","IOWA","19","NORTHWEST","10","EMMET","063","","","00000000","","CORN","CORN, GRAIN - YIELD, MEASURED IN BU / ACRE","TOTAL","NOT SPECIFIED","186.1","1.6"
"SURVEY","2020","YEAR","","COUNTY","IOWA","19","NORTHWEST","10","LYON","119","","","00000000","","CORN","CORN, GRAIN - YIELD, MEASURED IN BU / ACRE","TOTAL","NOT SPECIFIED","197","2.9"
"SURVEY","2020","YEAR","","COUNTY","IOWA","19","NORTHWEST","10","O BRIEN","141","","","00000000","","CORN","CORN, GRAIN - YIELD, MEASURED IN BU / ACRE","TOTAL","NOT SPECIFIED","199.5","1.6"
"SURVEY","2020","YEAR","","COUNTY","IOWA","19","NORTHWEST","10","OSCEOLA","143","","","00000000","","CORN","CORN, GRAIN - YIELD, MEASURED IN BU / ACRE","TOTAL","NOT SPECIFIED","185.3","0.8"
"SURVEY","2020","YEAR","","COUNTY","IOWA","19","NORTHWEST","10","PALO ALTO","147","","","00000000","","CORN","CORN, GRAIN - YIELD, MEASURED IN BU / ACRE","TOTAL","NOT SPECIFIED","181.1","2.0"
"SURVEY","2020","YEAR","","COUNTY","IOWA","19","NORTHWEST","10","POCAHONTAS","151","","","00000000","","CORN","CORN, GRAIN - YIELD, MEASURED IN BU / ACRE","TOTAL","NOT SPECIFIED","186.2","1.4"
"SURVEY","2020","YEAR","","COUNTY","IOWA","19","NORTHWEST","10","SIOUX","167","","","00000000","","CORN","CORN, GRAIN - YIELD, MEASURED IN BU / ACRE","TOTAL","NOT SPECIFIED","201.8","2.7"
"SURVEY","2020","YEAR","","COUNTY","IOWA","19","SOUTH CENTRAL","80","APPANOOSE","007","","","00000000","","CORN","CORN, GRAIN - YIELD, MEASURED IN BU / ACRE","TOTAL","NOT SPECIFIED","143.6","3.1"
"SURVEY","2020","YEAR","","COUNTY","IOWA","19","SOUTH CENTRAL","80","CLARKE","039","","","00000000","","CORN","CORN, GRAIN - YIELD, MEASURED IN BU / ACRE","TOTAL","NOT SPECIFIED","155.2","3.6"
"SURVEY","2020","YEAR","","COUNTY","IOWA","19","SOUTH CENTRAL","80","DECATUR","053","","","00000000","","CORN","CORN, GRAIN - YIELD, MEASURED IN BU / ACRE","TOTAL","NOT SPECIFIED","159.3","2.9"
"SURVEY","2020","YEAR","","COUNTY","IOWA","19","SOUTH CENTRAL","80","LUCAS","117","","","00000000","","CORN","CORN, GRAIN - YIELD, MEASURED IN BU / ACRE","TOTAL","NOT SPECIFIED","149.2","2.3"
"SURVEY","2020","YEAR","","COUNTY","IOWA","19","SOUTH CENTRAL","80","MADISON","121","","","00000000","","CORN","CORN, GRAIN - YIELD, MEASURED IN BU / ACRE","TOTAL","NOT SPECIFIED","172","4.6"
"SURVEY","2020","YEAR","","COUNTY","IOWA","19","SOUTH CENTRAL","80","MONROE","135","","","00000000","","CORN","CORN, GRAIN - YIELD, MEASURED IN BU / ACRE","TOTAL","NOT SPECIFIED","153.8","5.7"
"SURVEY","2020","YEAR","","COUNTY","IOWA","19","SOUTH CENTRAL","80","RINGGOLD","159","","","00000000","","CORN","CORN, GRAIN - YIELD, MEASURED IN BU / ACRE","TOTAL","NOT SPECIFIED","159.1","4.2"
"SURVEY","2020","YEAR","","COUNTY","IOWA","19","SOUTH CENTRAL","80","UNION","175","","","00000000","","CORN","CORN, GRAIN - YIELD, MEASURED IN BU / ACRE","TOTAL","NOT SPECIFIED","179.7","2.1"
"SURVEY","2020","YEAR","","COUNTY","IOWA","19","SOUTH CENTRAL","80","WARREN","181","","","00000000","","CORN","CORN, GRAIN - YIELD, MEASURED IN BU / ACRE","TOTAL","NOT SPECIFIED","168","4.4"
"SURVEY","2020","YEAR","","COUNTY","IOWA","19","SOUTH CENTRAL","80","WAYNE","185","","","00000000","","CORN","CORN, GRAIN - YIELD, MEASURED IN BU / ACRE","TOTAL","NOT SPECIFIED","168.8","2.7"
"SURVEY","2020","YEAR","","COUNTY","IOWA","19","SOUTHEAST","90","DAVIS","051","","","00000000","","CORN","CORN, GRAIN - YIELD, MEASURED IN BU / ACRE","TOTAL","NOT SPECIFIED","170","1.5"
"SURVEY","2020","YEAR","","COUNTY","IOWA","19","SOUTHEAST","90","DES MOINES","057","","","00000000","","CORN","CORN, GRAIN - YIELD, MEASURED IN BU / ACRE","TOTAL","NOT SPECIFIED","190.2","2.6"
"SURVEY","2020","YEAR","","COUNTY","IOWA","19","SOUTHEAST","90","HENRY","087","","","00000000","","CORN","CORN, GRAIN - YIELD, MEASURED IN BU / ACRE","TOTAL","NOT SPECIFIED","172","2.5"
"SURVEY","2020","YEAR","","COUNTY","IOWA","19","SOUTHEAST","90","JEFFERSON","101","","","00000000","","CORN","CORN, GRAIN - YIELD, MEASURED IN BU / ACRE","TOTAL","NOT SPECIFIED","167.3","2.3"
"SURVEY","2020","YEAR","","COUNTY","IOWA","19","SOUTHEAST","90","KEOKUK","107","","","00000000","","CORN","CORN, GRAIN - YIELD, MEASURED IN BU / ACRE","TOTAL","NOT SPECIFIED","163.5","2.0"
"SURVEY","2020","YEAR","","COUNTY","IOWA","19","SOUTHEAST","90","LEE","111","","","00000000","","CORN","CORN, GRAIN - YIELD, MEASURED IN BU / ACRE","TOTAL","NOT SPECIFIED","174.3","2.1"
"SURVEY","2020","YEAR","","COUNTY","IOWA","19","SOUTHEAST","90","LOUISA","115","","","00000000","","CORN","CORN, GRAIN - YIELD, MEASURED IN BU / ACRE","TOTAL","NOT SPECIFIED","181.6","3.3"
"SURVEY","2020","YEAR","","COUNTY","IOWA","19","SOUTHEAST","90","MAHASKA","123","","","00000000","","CORN","CORN, GRAIN - YIELD, MEASURED IN BU / ACRE","TOTAL","NOT SPECIFIED","180.8","2.5"
"SURVEY","2020","YEAR","","COUNTY","IOWA","19","SOUTHEAST","90","VAN BUREN","177","","","00000000","","CORN","CORN, GRAIN - YIELD, MEASURED IN BU / ACRE","TOTAL","NOT SPECIFIED","153.5","2.6"
"SURVEY","2020","YEAR","","COUNTY","IOWA","19","SOUTHEAST","90","WAPELLO","179","","","00000000","","CORN","CORN, GRAIN - YIELD, MEASURED IN BU / ACRE","TOTAL","NOT SPECIFIED","170.6","2.1"
"SURVEY","2020","YEAR","","COUNTY","IOWA","19","SOUTHEAST","90","WASHINGTON","183","","","00000000","","CORN","CORN, GRAIN - YIELD, MEASURED IN BU / ACRE","TOTAL","NOT SPECIFIED","185.4","3.2"
"SURVEY","2020","YEAR","","COUNTY","IOWA","19","SOUTHWEST","70","ADAIR","001","","","00000000","","CORN","CORN, GRAIN - YIELD, MEASURED IN BU / ACRE","TOTAL","NOT SPECIFIED","168.7","3.7"
"SURVEY","2020","YEAR","","COUNTY","IOWA","19","SOUTHWEST","70","ADAMS","003","","","00000000","","CORN","CORN, GRAIN - YIELD, MEASURED IN BU / ACRE","TOTAL","NOT SPECIFIED","173.3","1.7"
"SURVEY","2020","YEAR","","COUNTY","IOWA","19","SOUTHWEST","70","CASS","029","","","00000000","","CORN","CORN, GRAIN - YIELD, MEASURED IN BU / ACRE","TOTAL","NOT SPECIFIED","177.5","2.9"
"SURVEY","2020","YEAR","","COUNTY","IOWA","19","SOUTHWEST","70","FREMONT","071","","","00000000","","CORN","CORN, GRAIN - YIELD, MEASURED IN BU / ACRE","TOTAL","NOT SPECIFIED","194.8","2.2"
"SURVEY","2020","YEAR","","COUNTY","IOWA","19","SOUTHWEST","70","MILLS","129","","","00000000","","CORN","CORN, GRAIN - YIELD, MEASURED IN BU / ACRE","TOTAL","NOT SPECIFIED","182.2","4.0"
"SURVEY","2020","YEAR","","COUNTY","IOWA","19","SOUTHWEST","70","MONTGOMERY","137","","","00000000","","CORN","CORN, GRAIN - YIELD, MEASURED IN BU / ACRE","TOTAL","NOT SPECIFIED","184.6","2.5"
"SURVEY","2020","YEAR","","COUNTY","IOWA","19","SOUTHWEST","70","PAGE","145","","","00000000","","CORN","CORN, GRAIN - YIELD, MEASURED IN BU / ACRE","TOTAL","NOT SPECIFIED","181.6","3.2"
"SURVEY","2020","YEAR","","COUNTY","IOWA","19","SOUTHWEST","70","POTTAWATTAMIE","155","","","00000000","","CORN","CORN, GRAIN - YIELD, MEASURED IN BU / ACRE","TOTAL","NOT SPECIFIED","176.3","4.0"
"SURVEY","2020","YEAR","","COUNTY","IOWA","19","SOUTHWEST","70","TAYLOR","173","","","00000000","","CORN","CORN, GRAIN - YIELD, MEASURED IN BU / ACRE","TOTAL","NOT SPECIFIED","166.2","2.2"
"SURVEY","2020","YEAR","","COUNTY","IOWA","19","WEST CENTRAL","40","AUDUBON","009","","","00000000","","CORN","CORN, GRAIN - YIELD, MEASURED IN BU / ACRE","TOTAL","NOT SPECIFIED","170.8","2.5"
"SURVEY","2020","YEAR","","COUNTY","IOWA","19","WEST CENTRAL","40","CALHOUN","025","","","00000000","","CORN","CORN, GRAIN - YIELD, MEASURED IN BU / ACRE","TOTAL","NOT SPECIFIED","159.6","2.7"
"SURVEY","2020","YEAR","","COUNTY","IOWA","19","WEST CENTRAL","40","CARROLL","027","","","00000000","","CORN","CORN, GRAIN - YIELD, MEASURED IN BU / ACRE","TOTAL","NOT SPECIFIED","150.6","1.0"
"SURVEY","2020","YEAR","","COUNTY","IOWA","19","WEST CENTRAL","40","CRAWFORD","047","","","00000000","","CORN","CORN, GRAIN - YIELD, MEASURED IN BU / ACRE","TOTAL","NOT SPECIFIED","181.2","1.9"
"SURVEY","2020","YEAR","","COUNTY","IOWA","19","WEST CENTRAL","40","GREENE","073","","","00000000","","CORN","CORN, GRAIN - YIELD, MEASURED IN BU / ACRE","TOTAL","NOT SPECIFIED","153.8","4.1"
"SURVEY","2020","YEAR","","COUNTY","IOWA","19","WEST CENTRAL","40","GUTHRIE","077","","","00000000","","CORN","CORN, GRAIN - YIELD, MEASURED IN BU / ACRE","TOTAL","NOT SPECIFIED","151.3","5.7"
"SURVEY","2020","YEAR","","COUNTY","IOWA","19","WEST CENTRAL","40","HARRISON","085","","","00000000","","CORN","CORN, GRAIN - YIELD, MEASURED IN BU / ACRE","TOTAL","NOT SPECIFIED","180.2","1.7"
"SURVEY","2020","YEAR","","COUNTY","IOWA","19","WEST CENTRAL","40","IDA","093","","","00000000","","CORN","CORN, GRAIN - YIELD, MEASURED IN BU / ACRE","TOTAL","NOT SPECIFIED","188.2","1.7"
"SURVEY","2020","YEAR","","COUNTY","IOWA","19","WEST CENTRAL","40","MONONA","133","","","00000000","","CORN","CORN, GRAIN - YIELD, MEASURED IN BU / ACRE","TOTAL","NOT SPECIFIED","178.4","4.4"
"SURVEY","2020","YEAR","","COUNTY","IOWA","19","WEST CENTRAL","40","SAC","161","","","00000000","","CORN","CORN, GRAIN - YIELD, MEASURED IN BU / ACRE","TOTAL","NOT SPECIFIED","161","3.8"
"SURVEY","2020","YEAR","","COUNTY","IOWA","19","WEST CENTRAL","40","SHELBY","165","","","00000000","","CORN","CORN, GRAIN - YIELD, MEASURED IN BU / ACRE","TOTAL","NOT SPECIFIED","190.5","2.7"
"SURVEY","2020","YEAR","","COUNTY","IOWA","19","WEST CENTRAL","40","WOODBURY","193","","","00000000","","CORN","CORN, GRAIN - YIELD, MEASURED IN BU / ACRE","TOTAL","NOT SPECIFIED","191","2.1"
"SURVEY","2019","YEAR","","COUNTY","IOWA","19","CENTRAL","50","BOONE","015","","","00000000","","CORN","CORN, GRAIN - YIELD, MEASURED IN BU / ACRE","TOTAL","NOT SPECIFIED","194.8",""
"SURVEY","2019","YEAR","","COUNTY","IOWA","19","CENTRAL","50","DALLAS","049","","","00000000","","CORN","CORN, GRAIN - YIELD, MEASURED IN BU / ACRE","TOTAL","NOT SPECIFIED","195",""
"SURVEY","2019","YEAR","","COUNTY","IOWA","19","CENTRAL","50","GRUNDY","075","","","00000000","","CORN","CORN, GRAIN - YIELD, MEASURED IN BU / ACRE","TOTAL","NOT SPECIFIED","209.8",""
"SURVEY","2019","YEAR","","COUNTY","IOWA","19","CENTRAL","50","HAMILTON","079","","","00000000","","CORN","CORN, GRAIN - YIELD, MEASURED IN BU / ACRE","TOTAL","NOT SPECIFIED","198.2",""
"SURVEY","2019","YEAR","","COUNTY","IOWA","19","CENTRAL","50","HARDIN","083","","","00000000","","CORN","CORN, GRAIN - YIELD, MEASURED IN BU / ACRE","TOTAL","NOT SPECIFIED","200.2",""
"SURVEY","2019","YEAR","","COUNTY","IOWA","19","CENTRAL","50","JASPER","099","","","00000000","","CORN","CORN, GRAIN - YIELD, MEASURED IN BU / ACRE","TOTAL","NOT SPECIFIED","209.3",""
"SURVEY","2019","YEAR","","COUNTY","IOWA","19","CENTRAL","50","MARSHALL","127","","","00000000","","CORN","CORN, GRAIN - YIELD, MEASURED IN BU / ACRE","TOTAL","NOT SPECIFIED","221.9",""
"SURVEY","2019","YEAR","","COUNTY","IOWA","19","CENTRAL","50","POLK","153","","","00000000","","CORN","CORN, GRAIN - YIELD, MEASURED IN BU / ACRE","TOTAL","NOT SPECIFIED","196.6",""
"SURVEY","2019","YEAR","","COUNTY","IOWA","19","CENTRAL","50","POWESHIEK","157","","","00000000","","CORN","CORN, GRAIN - YIELD, MEASURED IN BU / ACRE","TOTAL","NOT SPECIFIED","200.3",""
"SURVEY","2019","YEAR","","COUNTY","IOWA","19","CENTRAL","50","STORY","169","","","00000000","","CORN","CORN, GRAIN - YIELD, MEASURED IN BU / ACRE","TOTAL","NOT SPECIFIED","189.3",""
"SURVEY","2019","YEAR","","COUNTY","IOWA","19","CENTRAL","50","TAMA","171","","","00000000","","CORN","CORN, GRAIN - YIELD, MEASURED IN BU / ACRE","TOTAL","NOT SPECIFIED","204.8",""
"SURVEY","2019","YEAR","","COUNTY","IOWA","19","CENTRAL","50","WEBSTER","187","","","00000000","","CORN","CORN, GRAIN - YIELD, MEASURED IN BU / ACRE","TOTAL","NOT SPECIFIED","202.9",""
"SURVEY","2019","YEAR","","COUNTY","IOWA","19","EAST CENTRAL","60","BENTON","011","","","00000000","","CORN","CORN, GRAIN - YIELD, MEASURED IN BU / ACRE","TOTAL","NOT SPECIFIED","197.6",""
"SURVEY","2019","YEAR","","COUNTY","IOWA","19","EAST CENTRAL","60","CEDAR","031","","","00000000","","CORN","CORN, GRAIN - YIELD, MEASURED IN BU / ACRE","TOTAL","NOT SPECIFIED","193.7",""
"SURVEY","2019","YEAR","","COUNTY","IOWA","19","EAST CENTRAL","60","CLINTON","045","","","00000000","","CORN","CORN, GRAIN - YIELD, MEASURED IN BU / ACRE","TOTAL","NOT SPECIFIED","196.1",""
"SURVEY","2019","YEAR","","COUNTY","IOWA","19","EAST CENTRAL","60","IOWA","095","","","00000000","","CORN","CORN, GRAIN - YIELD, MEASURED IN BU / ACRE","TOTAL","NOT SPECIFIED","190.6",""
"SURVEY","2019","YEAR","","COUNTY","IOWA","19","EAST CENTRAL","60","JACKSON","097","","","00000000","","CORN","CORN, GRAIN - YIELD, MEASURED IN BU / ACRE","TOTAL","NOT SPECIFIED","185.5",""
"SURVEY","2019","YEAR","","COUNTY","IOWA","19","EAST CENTRAL","60","JOHNSON","103","","","00000000","","CORN","CORN, GRAIN - YIELD, MEASURED IN BU / ACRE","TOTAL","NOT SPECIFIED","181.3",""
"SURVEY","2019","YEAR","","COUNTY","IOWA","19","EAST CENTRAL","60","JONES","105","","","00000000","","CORN","CORN, GRAIN - YIELD, MEASURED IN BU / ACRE","TOTAL","NOT SPECIFIED","203",""
"SURVEY","2019","YEAR","","COUNTY","IOWA","19","EAST CENTRAL","60","LINN","113","","","00000000","","CORN","CORN, GRAIN - YIELD, MEASURED IN BU / ACRE","TOTAL","NOT SPECIFIED","223.7",""
"SURVEY","2019","YEAR","","COUNTY","IOWA","19","EAST CENTRAL","60","MUSCATINE","139","","","00000000","","CORN","CORN, GRAIN - YIELD, MEASURED IN BU / ACRE","TOTAL","NOT SPECIFIED","173.2",""
"SURVEY","2019","YEAR","","COUNTY","IOWA","19","EAST CENTRAL","60","SCOTT","163","","","00000000","","CORN","CORN, GRAIN - YIELD, MEASURED IN BU / ACRE","TOTAL","NOT SPECIFIED","189.4",""
"SURVEY","2019","YEAR","","COUNTY","IOWA","19","NORTH CENTRAL","20","BUTLER","023","","","00000000","","CORN","CORN, GRAIN - YIELD, MEASURED IN BU / ACRE","TOTAL","NOT SPECIFIED","209.5",""
"SURVEY","2019","YEAR","","COUNTY","IOWA","19","NORTH CENTRAL","20","CERRO GORDO","033","","","00000000","","CORN","CORN, GRAIN - YIELD, MEASURED IN BU / ACRE","TOTAL","NOT SPECIFIED","191.8",""
"SURVEY","2019","YEAR","","COUNTY","IOWA","19","NORTH CENTRAL","20","FLOYD","067","","","00000000","","CORN","CORN, GRAIN - YIELD, MEASURED IN BU / ACRE","TOTAL","NOT SPECIFIED","202.9",""
"SURVEY","2019","YEAR","","COUNTY","IOWA","19","NORTH CENTRAL","20","FRANKLIN","069","","","00000000","","CORN","CORN, GRAIN - YIELD, MEASURED IN BU / ACRE","TOTAL","NOT SPECIFIED","202.7",""
"SURVEY","2019","YEAR","","COUNTY","IOWA","19","NORTH CENTRAL","20","HANCOCK","081","","","00000000","","CORN","CORN, GRAIN - YIELD, MEASURED IN BU / ACRE","TOTAL","NOT SPECIFIED","193.3",""
"SURVEY","2019","YEAR","","COUNTY","IOWA","19","NORTH CENTRAL","20","HUMBOLDT","091","","","00000000","","CORN","CORN, GRAIN - YIELD, MEASURED IN BU / ACRE","TOTAL","NOT SPECIFIED","198.7",""
"SURVEY","2019","YEAR","","COUNTY","IOWA","19","NORTH CENTRAL","20","KOSSUTH","109","","","00000000","","CORN","CORN, GRAIN - YIELD, MEASURED IN BU / ACRE","TOTAL","NOT SPECIFIED","198.7",""
"SURVEY","2019","YEAR","","COUNTY","IOWA","19","NORTH CENTRAL","20","MITCHELL","131","","","00000000","","CORN","CORN, GRAIN - YIELD, MEASURED IN BU / ACRE","TOTAL","NOT SPECIFIED","194.5",""
"SURVEY","2019","YEAR","","COUNTY","IOWA","19","NORTH CENTRAL","20","WINNEBAGO","189","","","00000000","","CORN","CORN, GRAIN - YIELD, MEASURED IN BU / ACRE","TOTAL","NOT SPECIFIED","198.8",""
"SURVEY","2019","YEAR","","COUNTY","IOWA","19","NORTH CENTRAL","20","WORTH","195","","","00000000","","CORN","CORN, GRAIN - YIELD, MEASURED IN BU / ACRE","TOTAL","NOT SPECIFIED","196.5",""
"SURVEY","2019","YEAR","","COUNTY","IOWA","19","NORTH CENTRAL","20","WRIGHT","197","","","00000000","","CORN","CORN, GRAIN - YIELD, MEASURED IN BU / ACRE","TOTAL","NOT SPECIFIED","197",""
"SURVEY","2019","YEAR","","COUNTY","IOWA","19","NORTHEAST","30","ALLAMAKEE","005","","","00000000","","CORN","CORN, GRAIN - YIELD, MEASURED IN BU / ACRE","TOTAL","NOT SPECIFIED","187.2",""
"SURVEY","2019","YEAR","","COUNTY","IOWA","19","NORTHEAST","30","BLACK HAWK","013","","","00000000","","CORN","CORN, GRAIN - YIELD, MEASURED IN BU / ACRE","TOTAL","NOT SPECIFIED","205.1",""
"SURVEY","2019","YEAR","","COUNTY","IOWA","19","NORTHEAST","30","BREMER","017","","","00000000","","CORN","CORN, GRAIN - YIELD, MEASURED IN BU / ACRE","TOTAL","NOT SPECIFIED","212.5",""
"SURVEY","2019","YEAR","","COUNTY","IOWA","19","NORTHEAST","30","BUCHANAN","019","","","00000000","","CORN","CORN, GRAIN - YIELD, MEASURED IN BU / ACRE","TOTAL","NOT SPECIFIED","218.9",""
"SURVEY","2019","YEAR","","COUNTY","IOWA","19","NORTHEAST","30","CHICKASAW","037","","","00000000","","CORN","CORN, GRAIN - YIELD, MEASURED IN BU / ACRE","TOTAL","NOT SPECIFIED","212.1",""
"SURVEY","2019","YEAR","","COUNTY","IOWA","19","NORTHEAST","30","CLAYTON","043","","","00000000","","CORN","CORN, GRAIN - YIELD, MEASURED IN BU / ACRE","TOTAL","NOT SPECIFIED","197.5",""
"SURVEY","2019","YEAR","","COUNTY","IOWA","19","NORTHEAST","30","DELAWARE","055","","","00000000","","CORN","CORN, GRAIN - YIELD, MEASURED IN BU / ACRE","TOTAL","NOT SPECIFIED","204.5",""
"SURVEY","2019","YEAR","","COUNTY","IOWA","19","NORTHEAST","30","DUBUQUE","061","","","00000000","","CORN","CORN, GRAIN - YIELD, MEASURED IN BU / ACRE","TOTAL","NOT SPECIFIED","216.4",""
"SURVEY","2019","YEAR","","COUNTY","IOWA","19","NORTHEAST","30","FAYETTE","065","","","00000000","","CORN","CORN, GRAIN - YIELD, MEASURED IN BU / ACRE","TOTAL","NOT SPECIFIED","200.5",""
"SURVEY","2019","YEAR","","COUNTY","IOWA","19","NORTHEAST","30","HOWARD","089","","","00000000","","CORN","CORN, GRAIN - YIELD, MEASURED IN BU / ACRE","TOTAL","NOT SPECIFIED","194.2",""
"SURVEY","2019","YEAR","","COUNTY","IOWA","19","NORTHEAST","30","WINNESHIEK","191","","","00000000","","CORN","CORN, GRAIN - YIELD, MEASURED IN BU / ACRE","TOTAL","NOT SPECIFIED","200.4",""
"SURVEY","2019","YEAR","","COUNTY","IOWA","19","NORTHWEST","10","BUENA VISTA","021","","","00000000","","CORN","CORN, GRAIN - YIELD, MEASURED IN BU / ACRE","TOTAL","NOT SPECIFIED","190.8",""
"SURVEY","2019","YEAR","","COUNTY","IOWA","19","NORTHWEST","10","CHEROKEE","035","","","00000000","","CORN","CORN, GRAIN - YIELD, MEASURED IN BU / ACRE","TOTAL","NOT SPECIFIED","208.9",""
"SURVEY","2019","YEAR","","COUNTY","IOWA","19","NORTHWEST","10","CLAY","041","","","00000000","","CORN","CORN, GRAIN - YIELD, MEASURED IN BU / ACRE","TOTAL","NOT SPECIFIED","185.5",""
"SURVEY","2019","YEAR","","COUNTY","IOWA","19","NORTHWEST","10","DICKINSON","059","","","00000000","","CORN","CORN, GRAIN - YIELD, MEASURED IN BU / ACRE","TOTAL","NOT SPECIFIED","170",""
"SURVEY","2019","YEAR","","COUNTY","IOWA","19","NORTHWEST","10","LYON","119","","","00000000","","CORN","CORN, GRAIN - YIELD, MEASURED IN BU / ACRE","TOTAL","NOT SPECIFIED","186.5",""
"SURVEY","2019","YEAR","","COUNTY","IOWA","19","NORTHWEST","10","O BRIEN","141","","","00000000","","CORN","CORN, GRAIN - YIELD, MEASURED IN BU / ACRE","TOTAL","NOT SPECIFIED","204.9",""
"SURVEY","2019","YEAR","","COUNTY","IOWA","19","NORTHWEST","10","OSCEOLA","143","","","00000000","","CORN","CORN, GRAIN - YIELD, MEASURED IN BU / ACRE","TOTAL","NOT SPECIFIED","182.5",""
"SURVEY","2019","YEAR","","COUNTY","IOWA","19","NORTHWEST","10","OTHER (COMBINED) COUNTIES","","","","00000000","","CORN","CORN, GRAIN - YIELD, MEASURED IN BU / ACRE","TOTAL","NOT SPECIFIED","191.2",""
"SURVEY","2019","YEAR","","COUNTY","IOWA","19","NORTHWEST","10","PALO ALTO","147","","","00000000","","CORN","CORN, GRAIN - YIELD, MEASURED IN BU / ACRE","TOTAL","NOT SPECIFIED","198.3",""
"SURVEY","2019","YEAR","","COUNTY","IOWA","19","NORTHWEST","10","PLYMOUTH","149","","","00000000","","CORN","CORN, GRAIN - YIELD, MEASURED IN BU / ACRE","TOTAL","NOT SPECIFIED","217.8",""
"SURVEY","2019","YEAR","","COUNTY","IOWA","19","NORTHWEST","10","SIOUX","167","","","00000000","","CORN","CORN, GRAIN - YIELD, MEASURED IN BU / ACRE","TOTAL","NOT SPECIFIED","192.1",""
"SURVEY","2019","YEAR","","COUNTY","IOWA","19","SOUTH CENTRAL","80","APPANOOSE","007","","","00000000","","CORN","CORN, GRAIN - YIELD, MEASURED IN BU / ACRE","TOTAL","NOT SPECIFIED","166.8",""
"SURVEY","2019","YEAR","","COUNTY","IOWA","19","SOUTH CENTRAL","80","MADISON","121","","","00000000","","CORN","CORN, GRAIN - YIELD, MEASURED IN BU / ACRE","TOTAL","NOT SPECIFIED","175.7",""
"SURVEY","2019","YEAR","","COUNTY","IOWA","19","SOUTH CENTRAL","80","MARION","125","","","00000000","","CORN","CORN, GRAIN - YIELD, MEASURED IN BU / ACRE","TOTAL","NOT SPECIFIED","170.7",""
"SURVEY","2019","YEAR","","COUNTY","IOWA","19","SOUTH CENTRAL","80","MONROE","135","","","00000000","","CORN","CORN, GRAIN - YIELD, MEASURED IN BU / ACRE","TOTAL","NOT SPECIFIED","162.3",""
"SURVEY","2019","YEAR","","COUNTY","IOWA","19","SOUTH CENTRAL","80","OTHER (COMBINED) COUNTIES","","","","00000000","","CORN","CORN, GRAIN - YIELD, MEASURED IN BU / ACRE","TOTAL","NOT SPECIFIED","152.3",""
"SURVEY","2019","YEAR","","COUNTY","IOWA","19","SOUTH CENTRAL","80","UNION","175","","","00000000","","CORN","CORN, GRAIN - YIELD, MEASURED IN BU / ACRE","TOTAL","NOT SPECIFIED","168.9",""
"SURVEY","2019","YEAR","","COUNTY","IOWA","19","SOUTH CENTRAL","80","WAYNE","185","","","00000000","","CORN","CORN, GRAIN - YIELD, MEASURED IN BU / ACRE","TOTAL","NOT SPECIFIED","151.4",""
"SURVEY","2019","YEAR","","COUNTY","IOWA","19","SOUTHEAST","90","DAVIS","051","","","00000000","","CORN","CORN, GRAIN - YIELD, MEASURED IN BU / ACRE","TOTAL","NOT SPECIFIED","160",""
"SURVEY","2019","YEAR","","COUNTY","IOWA","19","SOUTHEAST","90","DES MOINES","057","","","00000000","","CORN","CORN, GRAIN - YIELD, MEASURED IN BU / ACRE","TOTAL","NOT SPECIFIED","176.9",""
"SURVEY","2019","YEAR","","COUNTY","IOWA","19","SOUTHEAST","90","HENRY","087","","","00000000","","CORN","CORN, GRAIN - YIELD, MEASURED IN BU / ACRE","TOTAL","NOT SPECIFIED","164.5",""
"SURVEY","2019","YEAR","","COUNTY","IOWA","19","SOUTHEAST","90","JEFFERSON","101","","","00000000","","CORN","CORN, GRAIN - YIELD, MEASURED IN BU / ACRE","TOTAL","NOT SPECIFIED","162.7",""
"SURVEY","2019","YEAR","","COUNTY","IOWA","19","SOUTHEAST","90","KEOKUK","107","","","00000000","","CORN","CORN, GRAIN - YIELD, MEASURED IN BU / ACRE","TOTAL","NOT SPECIFIED","175.4",""
"SURVEY","2019","YEAR","","COUNTY","IOWA","19","SOUTHEAST","90","LEE","111","","","00000000","","CORN","CORN, GRAIN - YIELD, MEASURED IN BU / ACRE","TOTAL","NOT SPECIFIED","172.5",""
"SURVEY","2019","YEAR","","COUNTY","IOWA","19","SOUTHEAST","90","LOUISA","115","","","00000000","","CORN","CORN, GRAIN - YIELD, MEASURED IN BU / ACRE","TOTAL","NOT SPECIFIED","174.6",""
"SURVEY","2019","YEAR","","COUNTY","IOWA","19","SOUTHEAST","90","MAHASKA","123","","","00000000","","CORN","CORN, GRAIN - YIELD, MEASURED IN BU / ACRE","TOTAL","NOT SPECIFIED","189.9",""
"SURVEY","2019","YEAR","","COUNTY","IOWA","19","SOUTHEAST","90","VAN BUREN","177","","","00000000","","CORN","CORN, GRAIN - YIELD, MEASURED IN BU / ACRE","TOTAL","NOT SPECIFIED","171",""
"SURVEY","2019","YEAR","","COUNTY","IOWA","19","SOUTHEAST","90","WAPELLO","179","","","00000000","","CORN","CORN, GRAIN - YIELD, MEASURED IN BU / ACRE","TOTAL","NOT SPECIFIED","176.5",""
"SURVEY","2019","YEAR","","COUNTY","IOWA","19","SOUTHEAST","90","WASHINGTON","183","","","00000000","","CORN","CORN, GRAIN - YIELD, MEASURED IN BU / ACRE","TOTAL","NOT SPECIFIED","178.9",""
"SURVEY","2019","YEAR","","COUNTY","IOWA","19","SOUTHWEST","70","ADAIR","001","","","00000000","","CORN","CORN, GRAIN - YIELD, MEASURED IN BU / ACRE","TOTAL","NOT SPECIFIED","176.5",""
"SURVEY","2019","YEAR","","COUNTY","IOWA","19","SOUTHWEST","70","CASS","029","","","00000000","","CORN","CORN, GRAIN - YIELD, MEASURED IN BU / ACRE","TOTAL","NOT SPECIFIED","200.3",""
"SURVEY","2019","YEAR","","COUNTY","IOWA","19","SOUTHWEST","70","MILLS","129","","","00000000","","CORN","CORN, GRAIN - YIELD, MEASURED IN BU / ACRE","TOTAL","NOT SPECIFIED","202.9",""
"SURVEY","2019","YEAR","","COUNTY","IOWA","19","SOUTHWEST","70","MONTGOMERY","137","","","00000000","","CORN","CORN, GRAIN - YIELD, MEASURED IN BU / ACRE","TOTAL","NOT SPECIFIED","204.8",""
"SURVEY","2019","YEAR","","COUNTY","IOWA","19","SOUTHWEST","70","OTHER (COMBINED) COUNTIES","","","","00000000","","CORN","CORN, GRAIN - YIELD, MEASURED IN BU / ACRE","TOTAL","NOT SPECIFIED","189.6",""
"SURVEY","2019","YEAR","","COUNTY","IOWA","19","SOUTHWEST","70","PAGE","145","","","00000000","","CORN","CORN, GRAIN - YIELD, MEASURED IN BU / ACRE","TOTAL","NOT SPECIFIED","191.3",""
"SURVEY","2019","YEAR","","COUNTY","IOWA","19","SOUTHWEST","70","POTTAWATTAMIE","155","","","00000000","","CORN","CORN, GRAIN - YIELD, MEASURED IN BU / ACRE","TOTAL","NOT SPECIFIED","208",""
"SURVEY","2019","YEAR","","COUNTY","IOWA","19","SOUTHWEST","70","TAYLOR","173","","","00000000","","CORN","CORN, GRAIN - YIELD, MEASURED IN BU / ACRE","TOTAL","NOT SPECIFIED","161.7",""
"SURVEY","2019","YEAR","","COUNTY","IOWA","19","WEST CENTRAL","40","AUDUBON","009","","","00000000","","CORN","CORN, GRAIN - YIELD, MEASURED IN BU / ACRE","TOTAL","NOT SPECIFIED","216",""
"SURVEY","2019","YEAR","","COUNTY","IOWA","19","WEST CENTRAL","40","CALHOUN","025","","","00000000","","CORN","CORN, GRAIN - YIELD, MEASURED IN BU / ACRE","TOTAL","NOT SPECIFIED","198.8",""
"SURVEY","2019","YEAR","","COUNTY","IOWA","19","WEST CENTRAL","40","CARROLL","027","","","00000000","","CORN","CORN, GRAIN - YIELD, MEASURED IN BU / ACRE","TOTAL","NOT SPECIFIED","219.7",""
"SURVEY","2019","YEAR","","COUNTY","IOWA","19","WEST CENTRAL","40","CRAWFORD","047","","","00000000","","CORN","CORN, GRAIN - YIELD, MEASURED IN BU / ACRE","TOTAL","NOT SPECIFIED","234.7",""
"SURVEY","2019","YEAR","","COUNTY","IOWA","19","WEST CENTRAL","40","GREENE","073","","","00000000","","CORN","CORN, GRAIN - YIELD, MEASURED IN BU / ACRE","TOTAL","NOT SPECIFIED","201.4",""
"SURVEY","2019","YEAR","","COUNTY","IOWA","19","WEST CENTRAL","40","GUTHRIE","077","","","00000000","","CORN","CORN, GRAIN - YIELD, MEASURED IN BU / ACRE","TOTAL","NOT SPECIFIED","196.7",""
"SURVEY","2019","YEAR","","COUNTY","IOWA","19","WEST CENTRAL","40","MONONA","133","","","00000000","","CORN","CORN, GRAIN - YIELD, MEASURED IN BU / ACRE","TOTAL","NOT SPECIFIED","203.9",""
"SURVEY","2019","YEAR","","COUNTY","IOWA","19","WEST CENTRAL","40","OTHER (COMBINED) COUNTIES","","","","00000000","","CORN","CORN, GRAIN - YIELD, MEASURED IN BU / ACRE","TOTAL","NOT SPECIFIED","210",""
"SURVEY","2019","YEAR","","COUNTY","IOWA","19","WEST CENTRAL","40","SAC","161","","","00000000","","CORN","CORN, GRAIN - YIELD, MEASURED IN BU / ACRE","TOTAL","NOT SPECIFIED","220.6",""
"SURVEY","2019","YEAR","","COUNTY","IOWA","19","WEST CENTRAL","40","SHELBY","165","","","00000000","","CORN","CORN, GRAIN - YIELD, MEASURED IN BU / ACRE","TOTAL","NOT SPECIFIED","217.3",""
"SURVEY","2019","YEAR","","COUNTY","IOWA","19","WEST CENTRAL","40","WOODBURY","193","","","00000000","","CORN","CORN, GRAIN - YIELD, MEASURED IN BU / ACRE","TOTAL","NOT SPECIFIED","218.2",""
"SURVEY","2018","YEAR","","COUNTY","IOWA","19","CENTRAL","50","BOONE","015","","","00000000","","CORN","CORN, GRAIN - YIELD, MEASURED IN BU / ACRE","TOTAL","NOT SPECIFIED","193.7",""
"SURVEY","2018","YEAR","","COUNTY","IOWA","19","CENTRAL","50","DALLAS","049","","","00000000","","CORN","CORN, GRAIN - YIELD, MEASURED IN BU / ACRE","TOTAL","NOT SPECIFIED","174",""
"SURVEY","2018","YEAR","","COUNTY","IOWA","19","CENTRAL","50","GRUNDY","075","","","00000000","","CORN","CORN, GRAIN - YIELD, MEASURED IN BU / ACRE","TOTAL","NOT SPECIFIED","225.2",""
"SURVEY","2018","YEAR","","COUNTY","IOWA","19","CENTRAL","50","HAMILTON","079","","","00000000","","CORN","CORN, GRAIN - YIELD, MEASURED IN BU / ACRE","TOTAL","NOT SPECIFIED","188.9",""
"SURVEY","2018","YEAR","","COUNTY","IOWA","19","CENTRAL","50","HARDIN","083","","","00000000","","CORN","CORN, GRAIN - YIELD, MEASURED IN BU / ACRE","TOTAL","NOT SPECIFIED","216.6",""
"SURVEY","2018","YEAR","","COUNTY","IOWA","19","CENTRAL","50","JASPER","099","","","00000000","","CORN","CORN, GRAIN - YIELD, MEASURED IN BU / ACRE","TOTAL","NOT SPECIFIED","218.6",""
"SURVEY","2018","YEAR","","COUNTY","IOWA","19","CENTRAL","50","MARSHALL","127","","","00000000","","CORN","CORN, GRAIN - YIELD, MEASURED IN BU / ACRE","TOTAL","NOT SPECIFIED","226",""
"SURVEY","2018","YEAR","","COUNTY","IOWA","19","CENTRAL","50","POLK","153","","","00000000","","CORN","CORN, GRAIN - YIELD, MEASURED IN BU / ACRE","TOTAL","NOT SPECIFIED","186.2",""
"SURVEY","2018","YEAR","","COUNTY","IOWA","19","CENTRAL","50","POWESHIEK","157","","","00000000","","CORN","CORN, GRAIN - YIELD, MEASURED IN BU / ACRE","TOTAL","NOT SPECIFIED","218.7",""
"SURVEY","2018","YEAR","","COUNTY","IOWA","19","CENTRAL","50","STORY","169","","","00000000","","CORN","CORN, GRAIN - YIELD, MEASURED IN BU / ACRE","TOTAL","NOT SPECIFIED","192.3",""
"SURVEY","2018","YEAR","","COUNTY","IOWA","19","CENTRAL","50","TAMA","171","","","00000000","","CORN","CORN, GRAIN - YIELD, MEASURED IN BU / ACRE","TOTAL","NOT SPECIFIED","224.3",""
"SURVEY","2018","YEAR","","COUNTY","IOWA","19","CENTRAL","50","WEBSTER","187","","","00000000","","CORN","CORN, GRAIN - YIELD, MEASURED IN BU / ACRE","TOTAL","NOT SPECIFIED","188.1",""
"SURVEY","2018","YEAR","","COUNTY","IOWA","19","EAST CENTRAL","60","BENTON","011","","","00000000","","CORN","CORN, GRAIN - YIELD, MEASURED IN BU / ACRE","TOTAL","NOT SPECIFIED","214.6",""
"SURVEY","2018","YEAR","","COUNTY","IOWA","19","EAST CENTRAL","60","CEDAR","031","","","00000000","","CORN","CORN, GRAIN - YIELD, MEASURED IN BU / ACRE","TOTAL","NOT SPECIFIED","222.3",""
"SURVEY","2018","YEAR","","COUNTY","IOWA","19","EAST CENTRAL","60","CLINTON","045","","","00000000","","CORN","CORN, GRAIN - YIELD, MEASURED IN BU / ACRE","TOTAL","NOT SPECIFIED","210.9",""
"SURVEY","2018","YEAR","","COUNTY","IOWA","19","EAST CENTRAL","60","IOWA","095","","","00000000","","CORN","CORN, GRAIN - YIELD, MEASURED IN BU / ACRE","TOTAL","NOT SPECIFIED","211.7",""
"SURVEY","2018","YEAR","","COUNTY","IOWA","19","EAST CENTRAL","60","JACKSON","097","","","00000000","","CORN","CORN, GRAIN - YIELD, MEASURED IN BU / ACRE","TOTAL","NOT SPECIFIED","202.4",""
"SURVEY","2018","YEAR","","COUNTY","IOWA","19","EAST CENTRAL","60","JOHNSON","103","","","00000000","","CORN","CORN, GRAIN - YIELD, MEASURED IN BU / ACRE","TOTAL","NOT SPECIFIED","212.3",""
"SURVEY","2018","YEAR","","COUNTY","IOWA","19","EAST CENTRAL","60","JONES","105","","","00000000","","CORN","CORN, GRAIN - YIELD, MEASURED IN BU / ACRE","TOTAL","NOT SPECIFIED","208.9",""
"SURVEY","2018","YEAR","","COUNTY","IOWA","19","EAST CENTRAL","60","LINN","113","","","00000000","","CORN","CORN, GRAIN - YIELD, MEASURED IN BU / ACRE","TOTAL","NOT SPECIFIED","215.4",""
"SURVEY","2018","YEAR","","COUNTY","IOWA","19","EAST CENTRAL","60","MUSCATINE","139","","","00000000","","CORN","CORN, GRAIN - YIELD, MEASURED IN BU / ACRE","TOTAL","NOT SPECIFIED","209.6",""
"SURVEY","2018","YEAR","","COUNTY","IOWA","19","EAST CENTRAL","60","SCOTT","163","","","00000000","","CORN","CORN, GRAIN - YIELD, MEASURED IN BU / ACRE","TOTAL","NOT SPECIFIED","214",""
"SURVEY","2018","YEAR","","COUNTY","IOWA","19","NORTH CENTRAL","20","BUTLER","023","","","00000000","","CORN","CORN, GRAIN - YIELD, MEASURED IN BU / ACRE","TOTAL","NOT SPECIFIED","211.3",""
"SURVEY","2018","YEAR","","COUNTY","IOWA","19","NORTH CENTRAL","20","CERRO GORDO","033","","","00000000","","CORN","CORN, GRAIN - YIELD, MEASURED IN BU / ACRE","TOTAL","NOT SPECIFIED","184.4",""
"SURVEY","2018","YEAR","","COUNTY","IOWA","19","NORTH CENTRAL","20","FLOYD","067","","","00000000","","CORN","CORN, GRAIN - YIELD, MEASURED IN BU / ACRE","TOTAL","NOT SPECIFIED","184.4",""
"SURVEY","2018","YEAR","","COUNTY","IOWA","19","NORTH CENTRAL","20","FRANKLIN","069","","","00000000","","CORN","CORN, GRAIN - YIELD, MEASURED IN BU / ACRE","TOTAL","NOT SPECIFIED","204.3",""
"SURVEY","2018","YEAR","","COUNTY","IOWA","19","NORTH CENTRAL","20","HANCOCK","081","","","00000000","","CORN","CORN, GRAIN - YIELD, MEASURED IN BU / ACRE","TOTAL","NOT SPECIFIED","176.7",""
"SURVEY","2018","YEAR","","COUNTY","IOWA","19","NORTH CENTRAL","20","HUMBOLDT","091","","","00000000","","CORN","CORN, GRAIN - YIELD, MEASURED IN BU / ACRE","TOTAL","NOT SPECIFIED","162.3",""
"SURVEY","2018","YEAR","","COUNTY","IOWA","19","NORTH CENTRAL","20","KOSSUTH","109","","","00000000","","CORN","CORN, GRAIN - YIELD, MEASURED IN BU / ACRE","TOTAL","NOT SPECIFIED","180.2",""
"SURVEY","2018","YEAR","","COUNTY","IOWA","19","NORTH CENTRAL","20","MITCHELL","131","","","00000000","","CORN","CORN, GRAIN - YIELD, MEASURED IN BU / ACRE","TOTAL","NOT SPECIFIED","193.3",""
"SURVEY","2018","YEAR","","COUNTY","IOWA","19","NORTH CENTRAL","20","WINNEBAGO","189","","","00000000","","CORN","CORN, GRAIN - YIELD, MEASURED IN BU / ACRE","TOTAL","NOT SPECIFIED","180.8",""
"SURVEY","2018","YEAR","","COUNTY","IOWA","19","NORTH CENTRAL","20","WORTH","195","","","00000000","","CORN","CORN, GRAIN - YIELD, MEASURED IN BU / ACRE","TOTAL","NOT SPECIFIED","180",""
"SURVEY","2018","YEAR","","COUNTY","IOWA","19","NORTH CENTRAL","20","WRIGHT","197","","","00000000","","CORN","CORN, GRAIN - YIELD, MEASURED IN BU / ACRE","TOTAL","NOT SPECIFIED","180.5",""
"SURVEY","2018","YEAR","","COUNTY","IOWA","19","NORTHEAST","30","ALLAMAKEE","005","","","00000000","","CORN","CORN, GRAIN - YIELD, MEASURED IN BU / ACRE","TOTAL","NOT SPECIFIED","198.4",""
"SURVEY","2018","YEAR","","COUNTY","IOWA","19","NORTHEAST","30","BLACK HAWK","013","","","00000000","","CORN","CORN, GRAIN - YIELD, MEASURED IN BU / ACRE","TOTAL","NOT SPECIFIED","206.2",""
"SURVEY","2018","YEAR","","COUNTY","IOWA","19","NORTHEAST","30","BREMER","017","","","00000000","","CORN","CORN, GRAIN - YIELD, MEASURED IN BU / ACRE","TOTAL","NOT SPECIFIED","212.4",""
"SURVEY","2018","YEAR","","COUNTY","IOWA","19","NORTHEAST","30","BUCHANAN","019","","","00000000","","CORN","CORN, GRAIN - YIELD, MEASURED IN BU / ACRE","TOTAL","NOT SPECIFIED","207.1",""
"SURVEY","2018","YEAR","","COUNTY","IOWA","19","NORTHEAST","30","CHICKASAW","037","","","00000000","","CORN","CORN, GRAIN - YIELD, MEASURED IN BU / ACRE","TOTAL","NOT SPECIFIED","192.9",""
"SURVEY","2018","YEAR","","COUNTY","IOWA","19","NORTHEAST","30","CLAYTON","043","","","00000000","","CORN","CORN, GRAIN - YIELD, MEASURED IN BU / ACRE","TOTAL","NOT SPECIFIED","201.5",""
"SURVEY","2018","YEAR","","COUNTY","IOWA","19","NORTHEAST","30","DELAWARE","055","","","00000000","","CORN","CORN, GRAIN - YIELD, MEASURED IN BU / ACRE","TOTAL","NOT SPECIFIED","224.8",""
"SURVEY","2018","YEAR","","COUNTY","IOWA","19","NORTHEAST","30","DUBUQUE","061","","","00000000","","CORN","CORN, GRAIN - YIELD, MEASURED IN BU / ACRE","TOTAL","NOT SPECIFIED","211.8",""
"SURVEY","2018","YEAR","","COUNTY","IOWA","19","NORTHEAST","30","FAYETTE","065","","","00000000","","CORN","CORN, GRAIN - YIELD, MEASURED IN BU / ACRE","TOTAL","NOT SPECIFIED","200.1",""
"SURVEY","2018","YEAR","","COUNTY","IOWA","19","NORTHEAST","30","HOWARD","089","","","00000000","","CORN","CORN, GRAIN - YIELD, MEASURED IN BU / ACRE","TOTAL","NOT SPECIFIED","185.5",""
"SURVEY","2018","YEAR","","COUNTY","IOWA","19","NORTHEAST","30","WINNESHIEK","191","","","00000000","","CORN","CORN, GRAIN - YIELD, MEASURED IN BU / ACRE","TOTAL","NOT SPECIFIED","198.1",""
"SURVEY","2018","YEAR","","COUNTY","IOWA","19","NORTHWEST","10","BUENA VISTA","021","","","00000000","","CORN","CORN, GRAIN - YIELD, MEASURED IN BU / ACRE","TOTAL","NOT SPECIFIED","193.1",""
"SURVEY","2018","YEAR","","COUNTY","IOWA","19","NORTHWEST","10","CHEROKEE","035","","","00000000","","CORN","CORN, GRAIN - YIELD, MEASURED IN BU / ACRE","TOTAL","NOT SPECIFIED","213.3",""
"SURVEY","2018","YEAR","","COUNTY","IOWA","19","NORTHWEST","10","CLAY","041","","","00000000","","CORN","CORN, GRAIN - YIELD, MEASURED IN BU / ACRE","TOTAL","NOT SPECIFIED","158.5",""
"SURVEY","2018","YEAR","","COUNTY","IOWA","19","NORTHWEST","10","DICKINSON","059","","","00000000","","CORN","CORN, GRAIN - YIELD, MEASURED IN BU / ACRE","TOTAL","NOT SPECIFIED","160.4",""
"SURVEY","2018","YEAR","","COUNTY","IOWA","19","NORTHWEST","10","EMMET","063","","","00000000","","CORN","CORN, GRAIN - YIELD, MEASURED IN BU / ACRE","TOTAL","NOT SPECIFIED","155.8",""
"SURVEY","2018","YEAR","","COUNTY","IOWA","19","NORTHWEST","10","LYON","119","","","00000000","","CORN","CORN, GRAIN - YIELD, MEASURED IN BU / ACRE","TOTAL","NOT SPECIFIED","193",""
"SURVEY","2018","YEAR","","COUNTY","IOWA","19","NORTHWEST","10","O BRIEN","141","","","00000000","","CORN","CORN, GRAIN - YIELD, MEASURED IN BU / ACRE","TOTAL","NOT SPECIFIED","201.6",""
"SURVEY","2018","YEAR","","COUNTY","IOWA","19","NORTHWEST","10","OSCEOLA","143","","","00000000","","CORN","CORN, GRAIN - YIELD, MEASURED IN BU / ACRE","TOTAL","NOT SPECIFIED","180.2",""
"SURVEY","2018","YEAR","","COUNTY","IOWA","19","NORTHWEST","10","PALO ALTO","147","","","00000000","","CORN","CORN, GRAIN - YIELD, MEASURED IN BU / ACRE","TOTAL","NOT SPECIFIED","157.9",""
"SURVEY","2018","YEAR","","COUNTY","IOWA","19","NORTHWEST","10","PLYMOUTH","149","","","00000000","","CORN","CORN, GRAIN - YIELD, MEASURED IN BU / ACRE","TOTAL","NOT SPECIFIED","213.8",""
"SURVEY","2018","YEAR","","COUNTY","IOWA","19","NORTHWEST","10","POCAHONTAS","151","","","00000000","","CORN","CORN, GRAIN - YIELD, MEASURED IN BU / ACRE","TOTAL","NOT SPECIFIED","179.2",""
"SURVEY","2018","YEAR","","COUNTY","IOWA","19","NORTHWEST","10","SIOUX","167","","","00000000","","CORN","CORN, GRAIN - YIELD, MEASURED IN BU / ACRE","TOTAL","NOT SPECIFIED","211.9",""
"SURVEY","2018","YEAR","","COUNTY","IOWA","19","SOUTH CENTRAL","80","CLARKE","039","","","00000000","","CORN","CORN, GRAIN - YIELD, MEASURED IN BU / ACRE","TOTAL","NOT SPECIFIED","161.8",""
"SURVEY","2018","YEAR","","COUNTY","IOWA","19","SOUTH CENTRAL","80","DECATUR","053","","","00000000","","CORN","CORN, GRAIN - YIELD, MEASURED IN BU / ACRE","TOTAL","NOT SPECIFIED","172.5",""
"SURVEY","2018","YEAR","","COUNTY","IOWA","19","SOUTH CENTRAL","80","MADISON","121","","","00000000","","CORN","CORN, GRAIN - YIELD, MEASURED IN BU / ACRE","TOTAL","NOT SPECIFIED","167.8",""
"SURVEY","2018","YEAR","","COUNTY","IOWA","19","SOUTH CENTRAL","80","MARION","125","","","00000000","","CORN","CORN, GRAIN - YIELD, MEASURED IN BU / ACRE","TOTAL","NOT SPECIFIED","190.2",""
"SURVEY","2018","YEAR","","COUNTY","IOWA","19","SOUTH CENTRAL","80","MONROE","135","","","00000000","","CORN","CORN, GRAIN - YIELD, MEASURED IN BU / ACRE","TOTAL","NOT SPECIFIED","167",""
"SURVEY","2018","YEAR","","COUNTY","IOWA","19","SOUTH CENTRAL","80","OTHER (COMBINED) COUNTIES","","","","00000000","","CORN","CORN, GRAIN - YIELD, MEASURED IN BU / ACRE","TOTAL","NOT SPECIFIED","142.6",""
"SURVEY","2018","YEAR","","COUNTY","IOWA","19","SOUTH CENTRAL","80","RINGGOLD","159","","","00000000","","CORN","CORN, GRAIN - YIELD, MEASURED IN BU / ACRE","TOTAL","NOT SPECIFIED","153.3",""
"SURVEY","2018","YEAR","","COUNTY","IOWA","19","SOUTH CENTRAL","80","UNION","175","","","00000000","","CORN","CORN, GRAIN - YIELD, MEASURED IN BU / ACRE","TOTAL","NOT SPECIFIED","155.8",""
"SURVEY","2018","YEAR","","COUNTY","IOWA","19","SOUTH CENTRAL","80","WARREN","181","","","00000000","","CORN","CORN, GRAIN - YIELD, MEASURED IN BU / ACRE","TOTAL","NOT SPECIFIED","163.6",""
"SURVEY","2018","YEAR","","COUNTY","IOWA","19","SOUTH CENTRAL","80","WAYNE","185","","","00000000","","CORN","CORN, GRAIN - YIELD, MEASURED IN BU / ACRE","TOTAL","NOT SPECIFIED","171.6",""
"SURVEY","2018","YEAR","","COUNTY","IOWA","19","SOUTHEAST","90","DES MOINES","057","","","00000000","","CORN","CORN, GRAIN - YIELD, MEASURED IN BU / ACRE","TOTAL","NOT SPECIFIED","195.4",""
"SURVEY","2018","YEAR","","COUNTY","IOWA","19","SOUTHEAST","90","HENRY","087","","","00000000","","CORN","CORN, GRAIN - YIELD, MEASURED IN BU / ACRE","TOTAL","NOT SPECIFIED","189.7",""
"SURVEY","2018","YEAR","","COUNTY","IOWA","19","SOUTHEAST","90","JEFFERSON","101","","","00000000","","CORN","CORN, GRAIN - YIELD, MEASURED IN BU / ACRE","TOTAL","NOT SPECIFIED","198.8",""
"SURVEY","2018","YEAR","","COUNTY","IOWA","19","SOUTHEAST","90","KEOKUK","107","","","00000000","","CORN","CORN, GRAIN - YIELD, MEASURED IN BU / ACRE","TOTAL","NOT SPECIFIED","203.7",""
"SURVEY","2018","YEAR","","COUNTY","IOWA","19","SOUTHEAST","90","LEE","111","","","00000000","","CORN","CORN, GRAIN - YIELD, MEASURED IN BU / ACRE","TOTAL","NOT SPECIFIED","201.3",""
"SURVEY","2018","YEAR","","COUNTY","IOWA","19","SOUTHEAST","90","LOUISA","115","","","00000000","","CORN","CORN, GRAIN - YIELD, MEASURED IN BU / ACRE","TOTAL","NOT SPECIFIED","196.5",""
"SURVEY","2018","YEAR","","COUNTY","IOWA","19","SOUTHEAST","90","MAHASKA","123","","","00000000","","CORN","CORN, GRAIN - YIELD, MEASURED IN BU / ACRE","TOTAL","NOT SPECIFIED","207.7",""
"SURVEY","2018","YEAR","","COUNTY","IOWA","19","SOUTHEAST","90","OTHER (COMBINED) COUNTIES","","","","00000000","","CORN","CORN, GRAIN - YIELD, MEASURED IN BU / ACRE","TOTAL","NOT SPECIFIED","176.9",""
"SURVEY","2018","YEAR","","COUNTY","IOWA","19","SOUTHEAST","90","VAN BUREN","177","","","00000000","","CORN","CORN, GRAIN - YIELD, MEASURED IN BU / ACRE","TOTAL","NOT SPECIFIED","180.9",""
"SURVEY","2018","YEAR","","COUNTY","IOWA","19","SOUTHEAST","90","WASHINGTON","183","","","00000000","","CORN","CORN, GRAIN - YIELD, MEASURED IN BU / ACRE","TOTAL","NOT SPECIFIED","214.3",""
"SURVEY","2018","YEAR","","COUNTY","IOWA","19","SOUTHWEST","70","ADAIR","001","","","00000000","","CORN","CORN, GRAIN - YIELD, MEASURED IN BU / ACRE","TOTAL","NOT SPECIFIED","149.5",""
"SURVEY","2018","YEAR","","COUNTY","IOWA","19","SOUTHWEST","70","ADAMS","003","","","00000000","","CORN","CORN, GRAIN - YIELD, MEASURED IN BU / ACRE","TOTAL","NOT SPECIFIED","171.6",""
"SURVEY","2018","YEAR","","COUNTY","IOWA","19","SOUTHWEST","70","CASS","029","","","00000000","","CORN","CORN, GRAIN - YIELD, MEASURED IN BU / ACRE","TOTAL","NOT SPECIFIED","169.5",""
"SURVEY","2018","YEAR","","COUNTY","IOWA","19","SOUTHWEST","70","FREMONT","071","","","00000000","","CORN","CORN, GRAIN - YIELD, MEASURED IN BU / ACRE","TOTAL","NOT SPECIFIED","195.1",""
"SURVEY","2018","YEAR","","COUNTY","IOWA","19","SOUTHWEST","70","MONTGOMERY","137","","","00000000","","CORN","CORN, GRAIN - YIELD, MEASURED IN BU / ACRE","TOTAL","NOT SPECIFIED","191.5",""
"SURVEY","2018","YEAR","","COUNTY","IOWA","19","SOUTHWEST","70","OTHER (COMBINED) COUNTIES","","","","00000000","","CORN","CORN, GRAIN - YIELD, MEASURED IN BU / ACRE","TOTAL","NOT SPECIFIED","196.7",""
"SURVEY","2018","YEAR","","COUNTY","IOWA","19","SOUTHWEST","70","PAGE","145","","","00000000","","CORN","CORN, GRAIN - YIELD, MEASURED IN BU / ACRE","TOTAL","NOT SPECIFIED","188.1",""
"SURVEY","2018","YEAR","","COUNTY","IOWA","19","SOUTHWEST","70","TAYLOR","173","","","00000000","","CORN","CORN, GRAIN - YIELD, MEASURED IN BU / ACRE","TOTAL","NOT SPECIFIED","154.4",""
"SURVEY","2018","YEAR","","COUNTY","IOWA","19","WEST CENTRAL","40","AUDUBON","009","","","00000000","","CORN","CORN, GRAIN - YIELD, MEASURED IN BU / ACRE","TOTAL","NOT SPECIFIED","180",""
"SURVEY","2018","YEAR","","COUNTY","IOWA","19","WEST CENTRAL","40","CALHOUN","025","","","00000000","","CORN","CORN, GRAIN - YIELD, MEASURED IN BU / ACRE","TOTAL","NOT SPECIFIED","193.3",""
"SURVEY","2018","YEAR","","COUNTY","IOWA","19","WEST CENTRAL","40","CARROLL","027","","","00000000","","CORN","CORN, GRAIN - YIELD, MEASURED IN BU / ACRE","TOTAL","NOT SPECIFIED","208.4",""
"SURVEY","2018","YEAR","","COUNTY","IOWA","19","WEST CENTRAL","40","CRAWFORD","047","","","00000000","","CORN","CORN, GRAIN - YIELD, MEASURED IN BU / ACRE","TOTAL","NOT SPECIFIED","214",""
"SURVEY","2018","YEAR","","COUNTY","IOWA","19","WEST CENTRAL","40","GREENE","073","","","00000000","","CORN","CORN, GRAIN - YIELD, MEASURED IN BU / ACRE","TOTAL","NOT SPECIFIED","201.3",""
"SURVEY","2018","YEAR","","COUNTY","IOWA","19","WEST CENTRAL","40","GUTHRIE","077","","","00000000","","CORN","CORN, GRAIN - YIELD, MEASURED IN BU / ACRE","TOTAL","NOT SPECIFIED","192.2",""
"SURVEY","2018","YEAR","","COUNTY","IOWA","19","WEST CENTRAL","40","HARRISON","085","","","00000000","","CORN","CORN, GRAIN - YIELD, MEASURED IN BU / ACRE","TOTAL","NOT SPECIFIED","176",""
"SURVEY","2018","YEAR","","COUNTY","IOWA","19","WEST CENTRAL","40","IDA","093","","","00000000","","CORN","CORN, GRAIN - YIELD, MEASURED IN BU / ACRE","TOTAL","NOT SPECIFIED","222.2",""
"SURVEY","2018","YEAR","","COUNTY","IOWA","19","WEST CENTRAL","40","MONONA","133","","","00000000","","CORN","CORN, GRAIN - YIELD, MEASURED IN BU / ACRE","TOTAL","NOT SPECIFIED","181.4",""
"SURVEY","2018","YEAR","","COUNTY","IOWA","19","WEST CENTRAL","40","SAC","161","","","00000000","","CORN","CORN, GRAIN - YIELD, MEASURED IN BU / ACRE","TOTAL","NOT SPECIFIED","213.5",""
"SURVEY","2018","YEAR","","COUNTY","IOWA","19","WEST CENTRAL","40","SHELBY","165","","","00000000","","CORN","CORN, GRAIN - YIELD, MEASURED IN BU / ACRE","TOTAL","NOT SPECIFIED","189.1",""
"SURVEY","2018","YEAR","","COUNTY","IOWA","19","WEST CENTRAL","40","WOODBURY","193","","","00000000","","CORN","CORN, GRAIN - YIELD, MEASURED IN BU / ACRE","TOTAL","NOT SPECIFIED","219.3",""
